"","Type","Subpopulation","Indicator","Category","DiffEst.P","StdError.P","LCB95Pct.P","UCB95Pct.P","DiffEst.U","StdError.U","LCB95Pct.U","UCB95Pct.U","NResp_1","Estimate.P_1","StdError.P_1","LCB95Pct.P_1","UCB95Pct.P_1","Estimate.U_1","StdError.U_1","LCB95Pct.U_1","UCB95Pct.U_1","NResp_2","Estimate.P_2","StdError.P_2","LCB95Pct.P_2","UCB95Pct.P_2","Estimate.U_2","StdError.U_2","LCB95Pct.U_2","UCB95Pct.U_2"
"1","National","National","NCCA_SCI_Status","Good",-5.47864543947135,1.97700854249647,-9.35351097989246,-1.60377989905024,-3742.50753322029,828.078456537514,-5365.51148440733,-2119.50358203324,1137,89.560835346237,0.91868664235533,87.7602426141425,91.3614280783315,26456.568322719,470.62584606904,25534.15861423,27378.978031208,566,84.0821899067656,1.75059350800291,80.6510896795103,87.513290134021,22714.0607894987,681.340768773858,21378.6574215031,24049.4641574943
"2","National","National","NCCA_SCI_Status","Fair",4.79083422359422,1.49221336912767,1.86614976285483,7.71551868433362,1183.36625443524,417.70497620751,364.679544905361,2002.05296396512,101,4.38740396493369,0.533472180826349,3.34181770376001,5.43299022610738,1296.05370817383,157.071002446198,988.200200363684,1603.90721598398,68,9.17823818852792,1.39359541161978,6.44684137273287,11.909635004323,2479.41996260907,387.047991002489,1720.81983995561,3238.02008526253
"3","National","National","NCCA_SCI_Status","Poor",0.0101547843998316,0.041210223650135,-0.0706157697492737,0.0909253385489369,1.13022741404036,11.6932780159302,-21.7881763583969,24.0486311864776,5,0.0638503628709236,0.0304462882761202,0.00417673438680387,0.123523991355043,18.8616093317398,8.99259482295554,1.23644735118555,36.486771312294,3,0.0740051472707552,0.0277723975108655,0.019572248385129,0.128438046156381,19.9918367457801,7.47435543093786,5.34236929349057,34.6413041980697
"4","National","National","NCCA_SCI_Status","Missing",0.677656431477286,1.39383068533071,-2.05420151231769,3.40951437527226,31.7953685640186,392.662339489557,-737.808674920752,801.399412048789,79,5.98791032595841,0.764978570370088,4.48857987908809,7.48724077282872,1768.84860482366,224.31997396773,1329.18953483395,2208.50767481338,37,6.66556675743569,1.16514881720921,4.38191703907621,8.94921647579518,1800.64397338768,322.279788588314,1168.9871948094,2432.30075196596
"5","NCCA_Region","Gulf","NCCA_SCI_Status","Good",2.9244592651544,2.60072575784571,-2.17286955388883,8.02178808419762,-572.249689336606,446.190894410657,-1446.76777261121,302.268393937996,263,89.4629904849347,1.82234254009778,85.8912647388478,93.0347162310216,10747.1378976353,263.50703552599,10230.6735983314,11263.6021969391,219,92.3874497500891,1.85548972890504,88.7507567077512,96.024142792427,10174.8882082987,360.069932767632,9469.16410815837,10880.612308439
"6","NCCA_Region","Gulf","NCCA_SCI_Status","Fair",2.30887727951458,1.06535033316111,0.220828995601055,4.39692556342811,246.304270512699,120.438385897542,10.2493717973796,482.359169228019,2,0.798152961972055,0.544448847000831,0,1.86525309351804,95.8816589879612,65.3947601567565,0,224.053033672839,9,3.10703024148664,0.91572200222882,1.31224809726724,4.90181238570603,342.18592950066,101.138173513494,143.95875195205,540.413107049271
"7","NCCA_Region","Gulf","NCCA_SCI_Status","Missing",-5.23333654466898,2.39438724190726,-9.92624930384939,-0.540423785488559,-673.717751158284,276.731737693622,-1216.10199041697,-131.333511899599,36,9.73885655309324,1.73813217310485,6.33218009343739,13.1455330127491,1169.92326965649,207.809213544997,762.624695452702,1577.22184386027,8,4.50552000842426,1.64681110423328,1.27782955478639,7.73321046206213,496.205518498205,182.745137863478,138.03162993598,854.379407060429
"8","NCCA_Region","Northeast","NCCA_SCI_Status","Good",-2.59157487188027,3.16422056617978,-8.79333322073358,3.61018347697304,-539.857303089705,448.862669182964,-1419.61196869283,339.897362513422,445,83.0477411512443,1.5597681168618,79.9906518179613,86.1048304845273,8057.89167920714,257.131898285649,7553.92241929086,8561.86093912343,167,80.456166279364,2.75307377544746,75.0602408327053,85.8520917260227,7518.03437611744,367.914232763662,6796.93573050098,8239.1330217339
"9","NCCA_Region","Northeast","NCCA_SCI_Status","Fair",-1.61844816923733,2.43605427327078,-6.39302680923294,3.15613047075829,-192.875863372788,234.844131559979,-653.161903210933,267.410176465357,87,11.6173966732671,1.44609331051064,8.7831058663819,14.4516874801522,1127.20373474198,139.953684045288,852.899554509513,1401.50791497444,31,9.99894850402973,1.96040163222162,6.15663190964183,13.8412650984176,934.327871369187,188.586140663391,564.705827685535,1303.94991505284
"10","NCCA_Region","Northeast","NCCA_SCI_Status","Poor",-0.0072586918998212,0.11788173407588,-0.238302645123673,0.223785261324031,-1.33660034947804,11.253014436694,-23.3921033629076,20.7189026639515,4,0.183654340577664,0.0921994458705765,0.00294674727678414,0.364361933878544,17.8194706114395,8.94347512271234,0.290581474293429,35.3483597485857,2,0.176395648677843,0.073453151122978,0.0324301179258283,0.320361179429858,16.4828702619615,6.82968422709789,3.09693515106837,29.8688053728546
"11","NCCA_Region","Northeast","NCCA_SCI_Status","Missing",4.21728173301742,2.31766884605708,-0.325265733344968,8.75982919937981,375.608751241994,224.163885166805,-63.7443903195151,814.961892803503,37,5.15120783491098,0.795434611543856,3.59218464422842,6.71023102559355,499.807390007187,76.7794810266109,349.322372443353,650.292407571021,18,9.3684895679284,2.17689518781719,5.10185340168815,13.6351257341687,875.416141249181,210.604745213304,462.638425657871,1288.19385684049
"12","NCCA_Region","Southeast","NCCA_SCI_Status","Good",-20.0046992687825,6.68179618251218,-33.1007791385436,-6.90861939902137,-1046.06076795216,475.023269899314,-1977.08926877327,-115.032267131056,245,97.1673709862507,0.834721977279388,95.5313459736791,98.8033959988224,4545.02660483127,218.250684031992,4117.26312452734,4972.7900851352,72,77.1626717174683,6.62945242424147,64.1691837287332,90.1561597062033,3498.96583687911,421.916752292919,2672.02419791088,4325.90747584734
"13","NCCA_Region","Southeast","NCCA_SCI_Status","Fair",21.6827218277129,6.63132265900193,8.6855682462047,34.679875409221,982.189509069003,319.755834855804,355.479588905091,1608.89942923292,3,0.713602881202982,0.336208449683061,0.0546464285261357,1.37255933387983,33.3789424107269,15.6628930929436,2.68023605485637,64.0776487665975,13,22.3963247089159,6.62279428082695,9.41588644147719,35.3767629763545,1015.56845147973,319.371989542432,389.610854305661,1641.5260486538
"14","NCCA_Region","Southeast","NCCA_SCI_Status","Missing",-1.75540577485227,0.846036600915607,-3.41360704224955,-0.0972045074549972,-82.6294646441306,38.5602627884548,-158.206190943902,-7.05273834435911,6,2.11902613254628,0.786836990643394,0.576853969181353,3.66119829591122,99.1179451599897,35.9187619048272,28.7184654572592,169.51742486272,1,0.363620357694011,0.310910727129318,0,0.972994185274636,16.4884805158591,14.0262756831253,0,43.9794756920147
"15","NCCA_Region","Southeast","NCCA_SCI_Status","Poor",NA,NA,NA,NA,NA,NA,NA,NA,NA,NA,NA,NA,NA,NA,NA,NA,NA,1,0.0773832159218793,0.0679605798148806,0,0.210583504727505,3.50896648381862,3.03698618210519,0,9.4613500222906
"16","NCCA_Region","West","NCCA_SCI_Status","Good",-26.9775135912015,6.67601492165684,-40.0622623979009,-13.8927647845021,-1584.33977284181,238.889892901727,-2052.55535919983,-1116.1241864838,184,98.7089400660104,0.775940773935571,97.1881240949605,100,3106.51214104531,190.15767657641,2733.80994357173,3479.21433851889,108,71.7314264748089,6.63076851877134,58.7353589881951,84.7274939614228,1522.1723682035,144.597506789225,1238.76646264233,1805.57827376467
"17","NCCA_Region","West","NCCA_SCI_Status","Fair",7.57022698467224,2.78854609742186,2.10477706449568,13.0356769048488,147.748338226326,59.6752930513867,30.7869130787342,264.709763373917,9,1.25794613825596,0.774904535542409,0,2.77673111937582,39.5893720331705,23.7106062459404,0,86.0613063268242,15,8.8281731229282,2.67871467279411,3.57798883939275,14.0783574064637,187.337710259496,54.762649243977,80.0048900433015,294.670530475691
"18","NCCA_Region","West","NCCA_SCI_Status","Poor",NA,NA,NA,NA,NA,NA,NA,NA,1,0.0331137957336194,0.0299494707151773,0,0.091813679691404,1.04213872030022,0.938623662217199,0,2.88180729328302,NA,NA,NA,NA,NA,NA,NA,NA,NA
"19","NCCA_Region","West","NCCA_SCI_Status","Missing",NA,NA,NA,NA,NA,NA,NA,NA,NA,NA,NA,NA,NA,NA,NA,NA,NA,10,19.4404004022629,6.54003420711758,6.62216889865244,32.2586319058733,412.533833124438,161.093387560032,96.7965953592222,728.271070889653
"20","EPA_Region","1","NCCA_SCI_Status","Good",-13.9388142373853,5.36356367103203,-24.4512058613955,-3.42642261337509,-484.324460956692,181.346682282246,-839.757426945722,-128.891494967661,156,81.4444816188405,2.0859125642712,77.3561681179693,85.5327951197116,2249.43758548611,77.9806096986836,2096.59839898421,2402.276771988,63,67.5056673814552,4.94133423555118,57.8208302442001,77.1905045187102,1765.11312452942,163.724291679028,1444.21940944419,2086.00683961464
"21","EPA_Region","1","NCCA_SCI_Status","Fair",0.102364519524418,3.82503471845886,-7.39456576827024,7.59929480731908,-19.2752022919331,98.3602304296039,-212.057711445017,173.507306861151,42,14.9164797376334,1.94743531414059,11.0995766596964,18.7333828155704,411.982365140533,53.4212949830273,307.278550966309,516.686179314757,17,15.0188442571578,3.29217045346285,8.56630873740376,21.4713797769119,392.7071628486,82.5887411969764,230.836204574027,554.578121123173
"22","EPA_Region","1","NCCA_SCI_Status","Missing",13.957701204451,4.61677249021551,4.9089933988133,23.0064090100887,359.783847629707,130.077147991137,104.837322355391,614.730372904023,7,3.51778715693599,1.24167058456143,1.08415753053278,5.9514167833392,97.1587330567725,34.2807511074335,29.9696955232212,164.347770590324,12,17.475488361387,4.44666643519002,8.76018229715143,26.1907944256225,456.942580686479,125.478661664119,211.008922996519,702.876238376439
"23","EPA_Region","1","NCCA_SCI_Status","Poor",NA,NA,NA,NA,NA,NA,NA,NA,2,0.12125148659011,0.0895960928122152,0,0.29685660165756,3.34887822735878,2.47363938730246,0,8.19712233721133,NA,NA,NA,NA,NA,NA,NA,NA,NA
"24","EPA_Region","2","NCCA_SCI_Status","Good",23.7223505785814,5.77674712719492,12.4001342614841,35.0445668956786,286.527182250233,132.397353910817,27.0331369366284,546.021227563838,93,62.1193141524533,4.27318278741478,53.7440297897638,70.4945985151427,1092.87028929713,109.359541592236,878.529526410534,1307.21105218372,49,85.8416647310346,3.88725047262159,78.22279380581,93.4605356562593,1379.39747154736,74.629417693844,1233.12650068023,1525.66844241449
"25","EPA_Region","2","NCCA_SCI_Status","Fair",-4.16567869666805,5.40310084203579,-14.7555617518962,6.42420435856014,-93.3011046221395,92.4781930141561,-274.555032285229,87.9528230409501,28,17.2982639175017,3.7390068348454,9.96994518325565,24.6265826517478,304.329803858782,64.2889572217777,178.325763100461,430.333844617102,10,13.1325852208337,3.90042646363026,5.48788982777144,20.7772806138959,211.028699236642,66.4766587796043,80.7368422160596,341.320556257225
"26","EPA_Region","2","NCCA_SCI_Status","Poor",0.203234070634551,0.649976048483113,-1.07069557520601,1.47716371647511,2.01227787788074,10.9776332615644,-19.5034879502745,23.528043706036,2,0.822515977497142,0.488593576062377,0,1.78014178965703,14.4705923840808,8.59462536537244,0,31.3157485608251,2,1.02575004813169,0.42865508399213,0.185601521717126,1.86589857454626,16.4828702619615,6.82941043240939,3.09747177879699,29.868268745126
"27","EPA_Region","2","NCCA_SCI_Status","Missing",NA,NA,NA,NA,NA,NA,NA,NA,27,19.7599059525479,3.16819160292097,13.5503645147005,25.9694473903952,347.637678063323,55.0729684754836,239.696643329666,455.578712796981,NA,NA,NA,NA,NA,NA,NA,NA,NA
"28","EPA_Region","3","NCCA_SCI_Status","Good",-5.63111414489867,4.97245697305572,-15.3769507267629,4.11472243696558,-342.060024383246,372.031978196947,-1071.22930274645,387.10925397996,196,91.0083224533662,2.31401409839803,86.4729381607882,95.5437067459443,4715.58380442391,218.027827613554,4288.25711467384,5142.91049417398,55,85.3772083084676,4.40121200367644,76.7509912929364,94.0034253239988,4373.52378004066,301.449264698469,3782.69407806558,4964.35348201575
"29","EPA_Region","3","NCCA_SCI_Status","Fair",-1.4763827956711,3.6178340356932,-8.56720720767296,5.61444161633076,-80.2995564587156,190.244035410072,-453.171014136019,292.571901218588,17,7.92999417662664,2.17524169095613,3.66659880468262,12.1933895485707,410.89156574266,112.67310323527,190.056341375167,631.726790110153,4,6.45361138095555,2.89085570303093,0.787638318512712,12.1195844433984,330.592009283944,153.289154268796,30.150787696499,631.033230871389
"30","EPA_Region","3","NCCA_SCI_Status","Missing",7.10749694056976,3.57230274903798,0.105912210581903,14.1090816705576,363.462581675611,184.385867610254,2.07292190134154,724.85224144988,3,1.06168337000711,0.774068786369171,0,2.57883031284731,55.0109788870911,40.0033255484194,0,133.416056223824,6,8.16918031057687,3.48742948957441,1.33394411238812,15.0044165087656,418.473560562702,179.994116902341,65.6915740050221,771.255547120381
"31","EPA_Region","4","NCCA_SCI_Status","Good",-6.24961615947181,4.13393325201358,-14.351976447911,1.85274412896734,-1039.96436698875,576.736191238921,-2170.34653039784,90.4177964203386,365,89.9814695519375,1.68600968807342,86.676951285728,93.285987818147,8769.25293564688,275.482534284423,8229.31709007959,9309.18878121417,162,83.7318533924657,3.77449009322135,76.3339887497486,91.1297180351827,7729.28856865813,506.689261371316,6736.19586501715,8722.38127229911
"32","EPA_Region","4","NCCA_SCI_Status","Fair",12.6281501889207,3.52997690869281,5.70952258162477,19.5467777962167,1160.07125455444,339.413752548302,494.832523702177,1825.3099854067,4,1.09468595294748,0.658139945729135,0,2.38461654336373,106.683943419652,64.0985078606832,0,232.314710289349,19,13.7228361418682,3.46808142749563,6.9255214485245,20.5201508352119,1266.75519797409,333.306280632325,613.486892113734,1920.02350383445
"33","EPA_Region","4","NCCA_SCI_Status","Missing",-6.41654687688919,2.24628285071767,-10.8191803633858,-2.01391339039258,-638.235378926241,212.1168409332,-1053.97674766973,-222.494010182757,37,8.92384449511504,1.55200182814244,5.88197680801553,11.9657121822145,869.684057458903,149.377127831315,576.91026679549,1162.45784812232,3,2.50729761822585,1.62390793177164,0,5.69009867870719,231.448678532663,150.598897367635,0,526.617093484672
"34","EPA_Region","4","NCCA_SCI_Status","Poor",NA,NA,NA,NA,NA,NA,NA,NA,NA,NA,NA,NA,NA,NA,NA,NA,NA,1,0.0380128474402638,0.0331036926681669,0,0.102894892825153,3.50896648381862,3.03667622016585,0,9.46074250805291
"35","EPA_Region","6","NCCA_SCI_Status","Good",0.182577045529897,2.77178786007355,-5.25002733299961,5.6151814240594,-578.34609030002,273.575572741292,-1114.54435992287,-42.1478206771715,143,93.9245038281096,2.15924046374957,89.6924702851989,98.1565373710203,6522.91156681968,156.60561435826,6215.97020290073,6829.85293073864,129,94.1070808736395,1.73795528163347,90.7007511148968,97.5134106323823,5944.56547651966,224.317354549749,5504.91154049485,6384.21941254447
"36","EPA_Region","6","NCCA_SCI_Status","Fair",1.11550252110956,0.608723709799289,-0.0775740266326557,2.30857906885178,68.4225250272637,39.3383184966499,-8.679162438536,145.524212493063,1,0.325085106099601,0.292697873061415,0,0.898762395651451,22.576657979036,20.3268828410713,0,62.4166162655009,3,1.44058762720916,0.533734493898542,0.394487241861308,2.48668801255702,90.9991830062997,33.6796843231826,24.9882147221835,157.010151290416
"37","EPA_Region","6","NCCA_SCI_Status","Missing",-1.29807956663946,2.70379768561035,-6.59742565191848,4.00126651863957,-118.111836876173,181.600150565989,-474.041591572563,237.817917820217,5,5.75041106579076,2.13927294350489,1.55751314342019,9.94330898816134,399.357157357574,148.546426385261,108.211511610332,690.502803104817,6,4.45233149915131,1.65349121494485,1.21154826910603,7.69311472919658,281.245320481401,104.463265762459,76.5010818795458,485.989559083257
"38","EPA_Region","9","NCCA_SCI_Status","Good",-23.7101194547836,7.58614726088074,-38.5786948675271,-8.84154404204021,-141.391369592594,55.1636194096538,-249.51007689239,-33.2726622927976,55,97.5154840160722,0.740578898686661,96.063976046936,98.9669919852084,523.674715676883,33.4120764000721,458.188249284041,589.161182069725,46,73.8053645612885,7.5499121291965,59.0078087016213,88.6029204209558,382.283346084289,43.8937131831983,296.25324909749,468.313443071089
"39","EPA_Region","9","NCCA_SCI_Status","Fair",23.5669703649701,7.56908662387805,8.73183318630522,38.4021075436349,121.63136619753,39.9460909594988,43.3384665937511,199.924265801309,8,2.29045532245288,0.720869685577249,0.877576701174765,3.703333943731,12.3001341977488,3.79127808049439,4.86936570460367,19.730902690894,12,25.8574256874229,7.53468109585172,11.0897221045588,40.6251292702871,133.931500395279,39.7657691169291,55.9920251085624,211.870975681995
"40","EPA_Region","9","NCCA_SCI_Status","Poor",NA,NA,NA,NA,NA,NA,NA,NA,1,0.194060661474957,0.177339315586882,0,0.541639333068228,1.04213872030022,0.938623662217198,0,2.88180729328302,NA,NA,NA,NA,NA,NA,NA,NA,NA
"41","EPA_Region","9","NCCA_SCI_Status","Missing",NA,NA,NA,NA,NA,NA,NA,NA,NA,NA,NA,NA,NA,NA,NA,NA,NA,1,0.33720975128853,0.303441425613382,0,0.931944016908249,1.74661656129051,1.55312542563636,0,4.79068645901122
"42","EPA_Region","10","NCCA_SCI_Status","Good",-27.892738393604,8.44201837445121,-44.4387903643537,-11.3466864228543,-1442.94840324922,232.433551847029,-1898.50979366812,-987.387012830318,129,98.9544860707286,0.917891914904745,97.1554509758148,100,2582.83742536843,187.199292497526,2215.9335541419,2949.74129659496,62,71.0617476771247,8.39196929612616,54.6137900973514,87.5097052568979,1139.88902211921,137.774384094617,869.856191301572,1409.92185293685
"43","EPA_Region","10","NCCA_SCI_Status","Fair",2.28387913980734,2.55070962375232,-2.71541985776692,7.28317813738161,26.1169720287957,44.3334007022283,-60.7748966597544,113.008840717346,1,1.04551392927135,0.917891914904745,0,2.84454902418515,27.2892378354217,23.4055347955647,0,73.1632430736276,3,3.32939306907869,2.37983066987028,0,7.99377547132827,53.4062098642174,37.6514456396822,0,127.201687283862
"44","EPA_Region","10","NCCA_SCI_Status","Missing",NA,NA,NA,NA,NA,NA,NA,NA,NA,NA,NA,NA,NA,NA,NA,NA,NA,9,25.6088592537967,8.27258589011697,9.39488885015316,41.8228296574401,410.787216563147,161.085900428867,95.0646533053625,726.509779820932
"45","National","National","NCCA_TOX_Status","Good",-17.1915559280184,2.50741075951806,-22.105990711122,-12.2771211449148,-6517.53580299421,883.460535730119,-8249.08663478771,-4785.98497120072,920,74.1579136922633,1.514142889358,71.1902481616742,77.1255792228524,21906.4940906907,534.205961903214,20859.4696450338,22953.5185363476,348,56.9663577642449,1.99861953046435,53.0491354657364,60.8835800627534,15388.9582876965,703.652263877273,14009.825192857,16768.091382536
"46","National","National","NCCA_TOX_Status","Fair",11.559225817188,1.48388401846804,8.65086658375609,14.4675850506199,3054.72567802817,411.701302794939,2247.80595216187,3861.64540389447,47,2.68769837752893,0.492190662271309,1.72302240595024,3.65237434910761,793.955030466816,145.861641668129,508.071466071397,1079.83859486224,112,14.2469241947169,1.39987861339395,11.5032125297369,16.990635859697,3848.68070849499,384.996550910431,3094.1013345384,4603.26008245157
"47","National","National","NCCA_TOX_Status","Poor",5.83397100901886,1.73767688318187,2.42818690121458,9.23975511682314,1334.15514191221,487.453491427867,378.763854575289,2289.54642924913,106,9.57323590053829,1.0558527047091,7.50380262632925,11.6426691747473,2827.96569162125,312.116843734946,2216.22791893244,3439.70346431006,129,15.4072069095571,1.3801072481163,12.7022464084465,18.1121674106678,4162.12083353346,374.424868514569,3428.26157632876,4895.98009073816
"48","National","National","NCCA_TOX_Status","Missing",-0.201640898188478,1.79467002694817,-3.71912951514043,3.31584771876347,-397.560699753155,513.668796921075,-1404.33304170048,609.21164219417,249,13.5811520296695,1.16079361811451,11.3060383446811,15.8562657146579,4011.91743226948,348.276817956446,3329.30741242463,4694.52745211433,85,13.379511131481,1.36872155012288,10.6968661883763,16.0621560745857,3614.35673251632,377.569716747089,2874.33368603904,4354.37977899361
"49","NCCA_Region","Gulf","NCCA_TOX_Status","Good",-28.0912492523267,4.06402130563933,-36.0565846437833,-20.1259138608702,-3829.38901375688,506.666922710759,-4822.4379344277,-2836.34009308605,211,73.5869037431524,2.57223100746166,68.5454236086104,78.6283838776944,8839.95267429441,334.923284004008,8183.51510006267,9496.39024852614,105,45.4956544908257,3.14641014760364,39.3288039209312,51.6625050607202,5010.56366053753,380.181225734728,4265.42215049917,5755.70517057589
"50","NCCA_Region","Gulf","NCCA_TOX_Status","Fair",10.915045880333,2.62878793850813,5.76271619786376,16.0673755628022,1163.64143397943,303.857430652619,568.09181346542,1759.19105449344,16,3.84760533245522,0.968203684856949,1.94996098043663,5.74524968447381,462.210628768736,116.951925953713,232.989065976864,691.432191560608,33,14.7626512127882,2.44399420013127,9.97251060210616,19.5527918234703,1625.85206274817,280.448899406877,1076.18232040679,2175.52180508954
"51","NCCA_Region","Gulf","NCCA_TOX_Status","Poor",12.5858658382277,3.31930021570811,6.08015696156382,19.0915747148917,1257.89346217228,376.796744278624,519.385413894234,1996.40151045034,38,12.8266343712991,1.93867538821153,9.02690043269031,16.6263683099079,1540.85625356011,232.150375045896,1085.84987947269,1995.86262764753,67,25.4125002095269,2.69430726925174,20.131754998509,30.6932454205447,2798.74971573239,296.786101199198,2217.05964626991,3380.43978519488
"52","NCCA_Region","Gulf","NCCA_TOX_Status","Missing",4.59033753376599,2.62352518395422,-0.551677339318087,9.73235240685008,408.190947622971,302.947287085091,-185.574824277924,1001.95671952387,36,9.73885655309324,1.73813217310485,6.33218009343739,13.1455330127491,1169.92326965649,207.809213544997,762.624695452702,1577.22184386027,31,14.3291940868592,1.96514145538172,10.4775876097844,18.180800563934,1578.11421727946,220.436815251052,1146.06599852069,2010.16243603823
"53","NCCA_Region","Northeast","NCCA_TOX_Status","Good",-18.4289064577524,3.89479958444543,-26.062573370267,-10.7952395452378,-2021.65964649316,482.827524938682,-2967.9842061176,-1075.33508686873,487,83.5835605241638,1.96027817741611,79.7414858967484,87.4256351515792,8109.88074485486,271.412209147099,7577.92258996209,8641.83889974762,133,65.1546540664114,3.36552719052193,58.5583419839981,71.7509661488246,6088.22109836169,399.32171436613,5305.56491995929,6870.8772767641
"54","NCCA_Region","Northeast","NCCA_TOX_Status","Fair",11.7070759918371,2.31631209839896,7.16718770202069,16.2469642816534,1088.20329715264,221.524891134628,654.022488849609,1522.38410545566,10,1.60030493271402,0.7099299499156,0.208867799333119,2.99174206609492,155.273143167449,69.2867926605357,19.4735249485053,291.072761386394,36,13.3073809245511,2.20483586767864,8.98598203207882,17.6287798170233,1243.47644032009,210.410593257623,831.079255569439,1655.87362507073
"55","NCCA_Region","Northeast","NCCA_TOX_Status","Poor",-0.632730303006018,2.16149253627142,-4.86917782695013,3.60371722093809,-84.0398632416135,206.339564924482,-488.457979079262,320.378252596035,42,6.95079508834871,1.37989614977501,4.2462483323842,9.65534184431323,674.416343296771,134.097369746487,411.590328172106,937.242358421437,18,6.31806478534269,1.66371169383194,3.05724978477397,9.57887978591142,590.376480055158,156.824460720572,283.006185147919,897.746774962396
"56","NCCA_Region","Northeast","NCCA_TOX_Status","Missing",7.35456076892139,3.01912574328377,1.43718304728748,13.2719384905553,659.035197012163,291.040926367599,88.6054633044961,1229.46493071983,34,7.86533945477345,1.41815280112597,5.08581103999195,10.644867869555,763.152043248669,137.829504953016,493.011177533774,1033.29290896356,31,15.2199002236948,2.66532603754538,9.99595718304906,20.4438432643406,1422.18724026083,256.335421636021,919.779045892342,1924.59543462932
"57","NCCA_Region","Southeast","NCCA_TOX_Status","Good",8.65639759024226,5.58076645887205,-2.28170367527608,19.5944988557606,289.34737757831,500.428291880224,-691.474051351827,1270.16880650845,132,72.157808550228,4.31160719576901,63.707213731037,80.608403369419,3375.19844653937,256.825998346667,2871.82873948636,3878.56815359238,50,80.8142061404703,3.54330321280357,73.8694594570702,87.7589528238703,3664.54582411768,429.498407316484,2822.74441436005,4506.3472338753
"58","NCCA_Region","Southeast","NCCA_TOX_Status","Fair",12.1014283846702,3.12479555269171,5.97694164234346,18.2259151269968,547.373031309284,135.887834339849,281.037770066036,813.708292552533,2,0.958152591166883,0.611680348691983,0,2.15702404465407,44.8178125448893,28.5154045970856,0,100.706978559765,22,13.059580975837,3.06434240860025,7.05358021868183,19.0655817329922,592.190843854174,132.862241521956,331.785635565877,852.59605214247
"59","NCCA_Region","Southeast","NCCA_TOX_Status","Poor",-0.170901781357829,2.65501531260362,-5.37463617246327,5.03283260974761,-14.1985612750606,121.613615076186,-252.556866854102,224.159744303981,7,4.51002623957989,2.23960442129019,0.120482234234437,8.89957024492533,210.957536869843,104.020014987372,7.08205382327645,414.83301991641,11,4.33912445822206,1.42593069477345,1.54435165201592,7.13389726442819,196.758975594782,63.0056176378387,73.2702342009169,320.247716988648
"60","NCCA_Region","Southeast","NCCA_TOX_Status","Missing",-20.5869241935546,3.76700764172955,-27.9701235008317,-13.2037248862775,-965.513604656004,183.318517769671,-1324.81129718383,-606.215912128182,113,22.3740126190252,3.63407696284126,15.2513526548096,29.4966725832408,1046.54969644789,178.386097843012,696.919369332947,1396.18002356283,4,1.78708842547063,0.991882654851515,0,3.73114270586957,81.0360917918845,42.2383599777827,0,163.821756114376
"61","NCCA_Region","West","NCCA_TOX_Status","Good",-20.7683995912128,7.1086630655319,-34.7011231778854,-6.83567600454018,-955.834520322484,203.522737866462,-1354.73175657573,-556.937284069233,90,50.2507162041422,5.02003295257124,40.4116324158983,60.0897999923861,1581.46222500208,185.420944070707,1218.04385264408,1944.88059736008,60,29.4823166129294,5.0331262386668,19.6175704554989,39.3470627703599,625.627704679599,83.908154124544,461.170744586256,790.084664772941
"62","NCCA_Region","West","NCCA_TOX_Status","Fair",14.0614706875507,4.745734203912,4.76000256768337,23.3629388074181,255.507915586818,100.851010267005,57.8435676590096,453.172263514627,19,4.18326776759916,1.43076884551665,1.37901236018457,6.98752317501374,131.653445985741,44.5191790417696,44.3974584425827,218.9094335289,21,18.2447384551499,4.52491918655783,9.37605981654228,27.1134170937575,387.16136157256,90.4929222056751,209.798493193651,564.524229951468
"63","NCCA_Region","West","NCCA_TOX_Status","Poor",14.3896624547533,7.20110850887221,0.275749128598801,28.5035757809077,174.500104256601,191.598886578774,-201.02681291577,550.027021428973,19,12.7650848624246,3.57312211038694,5.76189421370245,19.7682755111468,401.735557894523,115.423322843504,175.510002145316,627.961113643731,33,27.1547473171779,6.25210061825749,14.9008552776726,39.4086393566831,576.235662151125,152.930016288464,276.49833807061,875.972986231639
"64","NCCA_Region","West","NCCA_TOX_Status","Missing",-7.68273355109122,8.02543714893461,-23.4123013231929,8.04683422101043,-499.273239732284,231.030280979806,-952.084269790874,-46.4622096736953,66,32.800931165834,4.86452147017589,23.2666442822675,42.3352180494006,1032.29242291643,163.912049776956,711.030708721464,1353.5541371114,19,25.1181976147428,6.38310835703871,12.6075351255303,37.6288601039553,533.01918318415,162.812255888569,213.913025400835,852.125340967465
"65","EPA_Region","1","NCCA_TOX_Status","Good",-36.6847725780751,6.80148483981875,-50.015437905515,-23.3541072506352,-1076.01184432924,204.22138508056,-1476.27840396002,-675.745284698457,169,79.3614485046411,2.92197758797565,73.6344776685757,85.0884193407067,2191.90571978131,88.2588235511274,2018.92160430322,2364.88983525939,46,42.676675926566,6.14184361585772,30.6388836408076,54.7144682123244,1115.89387545207,184.165018908569,754.937071179135,1476.850679725
"66","EPA_Region","1","NCCA_TOX_Status","Fair",21.9276764342628,4.91567774590089,12.293125092692,31.5622277758335,571.376267321303,128.881482762979,318.773202831744,823.979331810862,4,1.3457534272434,0.867244191031311,0,3.04552080746635,37.1687348223943,24.0067901718779,0,84.2211789436851,17,23.2734298615062,4.83857160892218,13.7900037714007,32.7568559516116,608.545002143697,126.62586870315,360.362859974425,856.72714431297
"67","EPA_Region","1","NCCA_TOX_Status","Poor",-0.499565816574882,2.59800239956352,-5.59155695146802,4.59242531831825,-22.5348502389695,69.7658825625054,-159.273467411131,114.203766933192,14,6.43659054224023,1.89496252311005,2.72253224489138,10.1506488395891,177.773968233475,52.7805450066003,74.326000936143,281.221935530807,9,5.93702472566535,1.77728261797222,2.45361480409074,9.42043464723996,155.239117994506,45.6233760097993,65.8189441621701,244.659291826841
"68","EPA_Region","1","NCCA_TOX_Status","Missing",15.2566619603872,5.59762349955838,4.28552150223776,26.2278024185367,380.00573340063,153.922187595351,78.323789292125,681.687677509135,20,12.8562075258752,2.56987647641124,7.81934218739248,17.8930728643579,355.079139073594,71.4957092171424,214.950123958847,495.208154188342,20,28.1128694862624,4.97283859971308,18.3662849298942,37.8594540426307,735.084872474224,136.309953406478,467.922273063195,1002.24747188525
"69","EPA_Region","2","NCCA_TOX_Status","Good",-16.3471196145275,8.35525876626348,-32.7231258779165,0.028886648861487,-389.128330702111,164.216450015147,-710.986658400822,-67.2700030034015,125,82.969520824536,3.87737960109652,75.3699964519966,90.5690451970755,1459.68971910765,103.461519808514,1256.90886649719,1662.47057171812,42,66.6224012100085,7.40109968046799,52.1165123903004,81.1282900297167,1070.56138840554,127.525512641549,820.6159765181,1320.50680029298
"70","EPA_Region","2","NCCA_TOX_Status","Fair",5.04535014987218,2.35760951163556,0.424520417457428,9.66617988228694,80.1617689184055,37.5031433115579,6.65695872070775,153.666579116103,1,0.598702656288598,0.542821320647821,0,1.6626128947988,10.5330259052005,9.5169532357532,0,29.1859114898287,7,5.64405280616078,2.29426842875994,1.147369314924,10.1407362973976,90.694794823606,36.2755201114435,19.5960818847184,161.793507762494
"71","EPA_Region","2","NCCA_TOX_Status","Poor",12.1912158529924,6.71335525535023,-0.966718662916782,25.3491503689015,184.15238837843,112.487847285033,-36.3197409986758,404.624517755537,17,7.70958897951211,1.76991338445625,4.24062249022247,11.1785554688017,135.635443715996,30.0992561287839,76.6419857421328,194.628901689859,8,19.9008048325045,6.47584321892224,7.20838535388895,32.59322431112,319.787832094426,108.38611796404,107.354944460798,532.220719728054
"72","EPA_Region","2","NCCA_TOX_Status","Missing",-0.889446388337042,5.25347419968503,-11.1860666134301,9.407173836756,-27.585149152073,88.683451981314,-201.401521060136,146.23122275599,7,8.72218753966327,3.55990272768427,1.74490640493619,15.6994686743903,153.450174874462,64.2071912784639,27.6063924201983,279.293957328725,4,7.83274115132622,3.86342901270132,0.260559429604491,15.404922873048,125.865025722389,61.1734521132556,5.96726277042211,245.762788674355
"73","EPA_Region","3","NCCA_TOX_Status","Good",-9.87475143030494,5.83264830769999,-21.3065320478854,1.55702918727553,-556.519471461809,385.576351519357,-1312.2352337301,199.196290806487,193,86.0425948392231,3.00694995554345,80.1490812230436,91.9361084554025,4458.28530596589,225.725108362315,4015.87222316936,4900.69838876243,45,76.1678434089181,4.99780334208668,66.3723288566143,85.9633579612219,3901.76583450408,312.597662028685,3289.08567527644,4514.44599373173
"74","EPA_Region","3","NCCA_TOX_Status","Fair",8.54817700692943,3.31664501461287,2.04767222878389,15.048681785075,436.665260912928,175.612123330159,92.4718239372104,780.858697888645,5,2.07607190665476,1.23040744293101,0,4.48762618110957,107.571382439855,64.2953874620092,0,233.588026237441,12,10.6242489135842,3.07997267477105,4.58761339766543,16.6608844295029,544.236643352782,163.418851457343,223.94158010149,864.531706604074
"75","EPA_Region","3","NCCA_TOX_Status","Poor",-4.715464889178,2.96956135722705,-10.5356981992249,1.1047684208689,-245.657401381075,154.123370474824,-547.733656687653,56.4188539255036,11,6.9672465973636,2.29542016557648,2.46830574344672,11.4661874512805,361.006931347301,119.31710536847,127.149702085529,594.864160609072,1,2.2517817081856,1.88396945776756,0,5.94429399338347,115.349529966226,97.55737641516,0,306.558474166157
"76","EPA_Region","3","NCCA_TOX_Status","Missing",6.04203931255352,4.56096307689085,-2.89728405296953,14.9813626780766,306.614612763606,236.133673771924,-156.198883366496,769.428108893708,7,4.91408665675857,1.8909347037075,1.20792274037494,8.62025057314219,254.622729300613,97.951618919885,62.641083990246,446.604374610979,7,10.9561259693121,4.15051203287935,2.82127186746844,19.0909800711557,561.237342064219,214.859470910638,140.120517342037,982.3541667864
"77","EPA_Region","4","NCCA_TOX_Status","Good",-2.96968328603516,4.34534775708563,-11.4864083902249,5.54704181815457,-635.346308040802,596.687975019321,-1804.83324908681,534.140633005202,235,70.1906524187792,2.91036189804715,64.4864479166292,75.8948569209293,6840.51491760834,326.234215179445,6201.10760533194,7479.92222988474,109,67.220969132744,3.22673840780508,60.896678065914,73.5452601995741,6205.16860956754,499.607622418743,5225.95566322512,7184.38155590996
"78","EPA_Region","4","NCCA_TOX_Status","Fair",11.2822293635055,2.69739094400909,5.99544026102318,16.5690184659878,1033.96898434107,255.29842231917,533.593271285602,1534.34469739654,5,1.45617628312101,0.718202250439553,0.0485257386438691,2.86382682759815,141.913420720559,69.9056055401746,4.90095154435298,278.925889896765,32,12.7384056466265,2.60001989074811,7.64246030167244,17.8343509915806,1175.88240506163,245.541220068482,694.630457007382,1657.13435311588
"79","EPA_Region","4","NCCA_TOX_Status","Poor",-2.01805065853494,2.63940587783178,-7.19119111966856,3.15508980259868,-236.244064897528,249.036390783915,-724.346421673843,251.858291878787,22,9.70771175702049,2.04081978630112,5.70777847693357,13.7076450371074,946.07678944973,198.242569665081,557.528492703498,1334.62508619596,23,7.68966109848555,1.67377357721252,4.40912516887423,10.9701970280969,709.832724552202,150.728257162564,414.410769061086,1005.25468004332
"80","EPA_Region","4","NCCA_TOX_Status","Missing",-6.29449541893539,3.0887975584253,-12.3484273889842,-0.240563448886563,-676.998136279475,295.737478722913,-1256.63294345507,-97.363329103884,144,18.6454595410793,2.2997655137973,14.1380019611493,23.1529171210092,1817.1158087468,229.881316527125,1366.55670763499,2267.67490985862,21,12.3509641221439,2.06197694906678,8.30956356502124,16.3923646792666,1140.11767246733,186.051704193059,775.463032986633,1504.77231194802
"81","EPA_Region","6","NCCA_TOX_Status","Good",-38.2892139655641,5.34600792679838,-48.7671969631545,-27.8112309679736,-2904.69532813777,361.807321701625,-3613.82464801585,-2195.56600825968,108,77.3902931955077,3.35918652085876,70.8064085972721,83.9741777937432,5374.63620322543,229.712716041256,4924.40755299369,5824.86485345717,46,39.1010792299436,4.1588059189474,30.9499694101147,47.2521890497725,2469.94087508766,279.52925808554,1922.0735966148,3017.80815356052
"82","EPA_Region","6","NCCA_TOX_Status","Fair",11.2408560612591,3.26057328055096,4.85024986242566,17.6314622600926,677.045480947645,214.404913268823,256.819572832318,1097.27138906297,13,5.257352763118,1.39347388067946,2.52619414358899,7.988511382647,365.115020593067,98.0004469259181,173.037674149438,557.192367036695,23,16.4982088243771,2.94780743294181,10.7206124224517,22.2758052263026,1042.16050154071,190.697087644599,668.40107780062,1415.9199252808
"83","EPA_Region","6","NCCA_TOX_Status","Poor",24.582079877868,4.69355479035033,15.3828815293159,33.7812782264201,1479.93896579475,309.605331469817,873.123666692325,2086.75426489718,23,11.6019429755836,2.35536059443244,6.98552103989114,16.218364911276,805.737000980222,163.491944286783,485.298678415699,1126.17532354475,55,36.1840228534516,4.05977007233358,28.2270197261642,44.1410259807389,2285.67596677497,262.917944286545,1770.36626508404,2800.98566846591
"84","EPA_Region","6","NCCA_TOX_Status","Missing",2.46627802643693,2.92774306229655,-3.2719929316513,8.20454898452517,119.675479246441,194.468830465928,-261.476424582402,500.827383075285,5,5.75041106579076,2.13927294350489,1.55751314342019,9.94330898816134,399.357157357574,148.546426385261,108.211511610332,690.502803104817,14,8.2166890922277,1.9987973163914,4.29911833970523,12.1342598447502,519.032636604016,125.507311464129,273.042826337872,765.02244687016
"85","EPA_Region","9","NCCA_TOX_Status","Good",-14.5124448368348,11.9704150604451,-37.9740272353031,8.94913756163352,-82.0634302155872,62.4867263264133,-204.535163327168,40.4083028959937,36,36.1814141318516,10.2553963512445,16.0812066362289,56.2816216274743,194.300340601931,53.9404944580766,88.5789141558182,300.021767048043,28,21.6689692950168,6.17395192710573,9.56824587560792,33.7696927144257,112.236910386343,31.5438428954096,50.4121143773509,174.061706395336
"86","EPA_Region","9","NCCA_TOX_Status","Fair",20.7540986898184,10.8025945556602,-0.418597578864052,41.9267949585009,105.220386428905,59.3485550295198,-11.1006439634472,221.541416821257,12,11.9537337312394,6.64824816378743,0,24.9840606925473,64.1935809081586,35.9988865438388,0,134.750102017626,9,32.7078324210579,8.51450794154759,16.0197035095443,49.3959613325714,169.413967337064,47.184013730243,76.934999779744,261.892934894383
"87","EPA_Region","9","NCCA_TOX_Status","Poor",-6.57886360427219,12.8526091513837,-31.7695146483542,18.6117874398098,-43.9590983286819,72.9310166311869,-186.9012642817,98.983067624336,16,51.864852136909,10.5534872541457,31.180397207481,72.549307066337,278.523067084843,62.1385875095568,156.733673515921,400.312460653765,21,45.2859885326368,7.33576640677835,30.9081505763524,59.6638264889212,234.563968756161,38.1802190823417,159.732114432922,309.3958230794
"88","EPA_Region","9","NCCA_TOX_Status","Missing",NA,NA,NA,NA,NA,NA,NA,NA,NA,NA,NA,NA,NA,NA,NA,NA,NA,1,0.33720975128853,0.303441425613382,0,0.931944016908249,1.74661656129051,1.55312542563636,0,4.79068645901122
"89","EPA_Region","10","NCCA_TOX_Status","Good",-21.1401235303146,8.63854352065809,-38.0713577096863,-4.20888935094288,-873.771090106897,193.692833790175,-1253.40206839914,-494.140111814651,54,53.1453857759322,5.64927235681536,42.0730154177164,64.217756134148,1387.16188440015,177.401661654254,1039.46101676025,1734.86275204005,32,32.0052622456176,6.53530075794724,19.1963081319037,44.8142163593315,513.390794293255,77.7532269682612,360.997269753695,665.784318832815
"90","EPA_Region","10","NCCA_TOX_Status","Fair",10.9900324644297,5.18662106696396,0.824441971723588,21.1556229571357,150.287529157913,81.5394094152243,-9.52677661659263,310.101834932419,7,2.58454373224853,1.0191607208847,0.587025424856636,4.58206203964043,67.4598650775828,26.1923170062703,16.1238670736371,118.795863081529,12,13.5745761966782,5.08550386070841,3.60717178645031,23.5419806069061,217.747394235496,77.2181184543279,66.4026631110656,369.092125359926
"91","EPA_Region","10","NCCA_TOX_Status","Poor",16.5795769017213,8.92216676715125,-0.907548625955354,34.0667024293979,218.459202585283,177.17561951738,-128.798630607353,565.71703577792,3,4.72055600008472,3.66825191810535,0,11.9101976457912,123.21249080968,97.2694165632392,0,313.857044070853,12,21.300132901806,8.13320279386753,5.35934834686507,37.2409174567469,341.671693394964,148.08734163599,51.4258372221446,631.917549567783
"92","EPA_Region","10","NCCA_TOX_Status","Missing",-6.42948583583633,9.93551229243926,-25.9027320969723,13.0437604252996,-501.019856293575,231.025060396097,-953.820654196116,-48.2190583910331,66,39.5495144917346,5.86737945591272,28.0496620745154,51.0493669089537,1032.29242291643,163.912049776956,711.030708721464,1353.5541371114,18,33.1200286558982,8.01799618567788,17.4050449037901,48.8350124080064,531.272566622859,162.804847805393,212.180928415764,850.364204829954
"93","National","National","NCCA_SQI_Status","Good",-20.9149202578747,2.52380339730253,-25.8614840206475,-15.9683564951019,-7648.7983957021,877.944975580451,-9369.53892824768,-5928.05786315652,1033,79.1229930185154,1.37147163638007,76.4349580053922,81.8110280316385,23373.1950198958,535.716209829392,22323.2105426959,24423.1794970957,352,58.2080727606406,2.11864323066456,54.0556083324485,62.3605371888328,15724.3966241937,695.554111966129,14361.1356154413,17087.657632946
"94","National","National","NCCA_SQI_Status","Fair",13.1577785651079,1.88795415603734,9.45745641481201,16.8581007154038,3390.24454399898,534.887916483241,2341.88349192616,4438.6055960718,131,6.5003592408389,0.681332473111978,5.16497213204182,7.83574634963598,1920.22771686551,201.644307386022,1525.01213670138,2315.44329702963,154,19.6581378059468,1.76072625821898,16.2071777532037,23.10909785869,5310.47226086449,495.423714106011,4339.45962412964,6281.48489759934
"95","National","National","NCCA_SQI_Status","Poor",5.85461158805994,1.73818321541446,2.44783508731556,9.26138808880432,1338.71104767797,487.553938435242,383.122887824236,2294.2992075317,109,9.6136110879169,1.05612021272292,7.5436535076352,11.6835686681986,2839.89265611745,312.199000855098,2227.99385843207,3451.79145380283,131,15.4682226759768,1.3805401068519,12.762413787334,18.1740315646196,4178.60370379542,374.487151647148,3444.62237389402,4912.58503369682
"96","National","National","NCCA_SQI_Status","Missing",1.90253010470686,1.37948336812723,-0.801207614094521,4.60626782350825,393.627121218163,388.553303476075,-367.923359669007,1155.17760210533,49,4.76303665272883,0.738513775562542,3.31557625053955,6.21049705491811,1407.01685216952,217.047016818114,981.612516254158,1832.42118808488,37,6.66556675743569,1.16514881720921,4.38191703907621,8.94921647579518,1800.64397338768,322.279788588314,1168.9871948094,2432.30075196596
"97","NCCA_Region","Gulf","NCCA_SQI_Status","Good",-19.2377939252011,4.1861048375939,-27.442408642394,-11.0331792080081,-2848.23310625347,522.477201491534,-3872.26960392015,-1824.19660858679,210,72.9766868956322,2.62442528638798,67.8329078541956,78.1204659370689,8766.64767328548,340.641892106586,8099.00183313099,9434.29351343996,124,53.7388929704312,3.26126748787867,47.3469261502376,60.1308597906248,5918.41456703201,396.163510965447,5141.94835355079,6694.88078051322
"98","NCCA_Region","Gulf","NCCA_SQI_Status","Fair",11.8852646316423,2.76348927079317,6.46892518922484,17.3016040740598,1264.39422525728,320.78558921482,635.666023636772,1893.12242687779,17,4.4578221799754,1.09720047829121,2.30734875870451,6.60829560124628,535.515629777661,132.442612003115,275.932880233143,795.09837932218,37,16.3430868116177,2.53634068299717,11.3719504204195,21.3142232028159,1799.90985503494,292.168356900078,1227.27039808854,2372.54931198134
"99","NCCA_Region","Gulf","NCCA_SQI_Status","Poor",12.5858658382277,3.31930021570811,6.08015696156382,19.0915747148917,1257.89346217228,376.796744278624,519.385413894234,1996.40151045034,38,12.8266343712991,1.93867538821153,9.02690043269031,16.6263683099079,1540.85625356011,232.150375045896,1085.84987947269,1995.86262764753,67,25.4125002095269,2.69430726925174,20.131754998509,30.6932454205447,2798.74971573239,296.786101199198,2217.05964626991,3380.43978519488
"100","NCCA_Region","Gulf","NCCA_SQI_Status","Missing",-5.23333654466898,2.39438724190726,-9.92624930384939,-0.540423785488559,-673.717751158284,276.731737693622,-1216.10199041697,-131.333511899599,36,9.73885655309324,1.73813217310485,6.33218009343739,13.1455330127491,1169.92326965649,207.809213544997,762.624695452702,1577.22184386027,8,4.50552000842426,1.64681110423328,1.27782955478639,7.73321046206213,496.205518498205,182.745137863478,138.03162993598,854.379407060429
"101","NCCA_Region","Northeast","NCCA_SQI_Status","Good",-13.0088449307559,3.56399904616262,-19.9941547021697,-6.02353515934202,-1499.8673075019,461.085590005875,-2403.57845770382,-596.156157299987,433,79.3076061401417,1.91293900991556,75.5583145760855,83.056897704198,7694.99676638599,264.406786849953,7176.76898689213,8213.22454587986,125,66.2987612093859,3.00711714859786,60.4049199008413,72.1926025179305,6195.12945888409,377.741938866668,5454.76886325509,6935.49005451309
"102","NCCA_Region","Northeast","NCCA_SQI_Status","Fair",6.05063198545463,2.66830245859135,0.820855266755899,11.2804087041534,523.132706252673,254.034982850391,25.2332890526564,1021.03212345269,86,11.7876568032106,1.42501238904021,8.99468384316836,14.5806297632527,1143.72360229471,139.73602634547,869.846023314849,1417.60118127457,55,17.8382887886652,2.25592058849743,13.4167656832278,22.2598118941025,1666.85630854738,212.149983391412,1251.04998177944,2082.66263531532
"103","NCCA_Region","Northeast","NCCA_SQI_Status","Poor",-0.56851786918155,2.16429412220509,-4.81045640065525,3.67342066229215,-78.4418187555565,206.600689424968,-483.371729209638,326.488091698525,44,7.06297830320208,1.38213235175411,4.35404867189639,9.77190793450778,685.301169072676,134.325309617852,422.028400009495,948.573938135856,20,6.49446043402054,1.66549668557045,3.23014691393163,9.75877395410944,606.859350317119,156.97310619001,299.197715643318,914.520984990921
"104","NCCA_Region","Northeast","NCCA_SQI_Status","Missing",7.52673081448279,2.24754550099393,3.12162257891967,11.9318390500459,696.715404434813,217.518664885718,270.386655293568,1123.04415357606,10,1.84175875344561,0.55909580600859,0.74595110976138,2.93756639712984,178.700736814368,54.4059819073658,72.0669717323937,285.334501896343,18,9.3684895679284,2.17689518781719,5.10185340168815,13.6351257341687,875.416141249181,210.604745213304,462.638425657871,1288.19385684049
"105","NCCA_Region","Southeast","NCCA_SQI_Status","Good",-27.3413701053171,7.21320662485699,-41.4789953030825,-13.2037449075517,-1372.17035547066,487.147199758617,-2326.96132216708,-417.379388774229,239,92.5698473115385,2.46689154686582,87.7348287259152,97.4048658971618,4329.97635487786,246.128247075907,3847.57385503111,4812.37885472462,44,65.2284772062214,6.77825906180066,51.9433335672099,78.513620845233,2957.80599940721,420.396574943235,2133.84385329447,3781.76814551994
"106","NCCA_Region","Southeast","NCCA_SQI_Status","Fair",28.3970225054927,6.80570063554501,15.0580943702631,41.7359506407222,1285.28152488505,329.749296136711,638.984780529667,1931.57826924044,5,1.67175547236986,0.700198211501932,0.299392195786719,3.04411874895301,78.1967549556162,32.5338980046423,14.4314865898178,141.962023321415,31,30.0687779778625,6.76958518708992,16.8006348208904,43.3369211348346,1363.47827984067,328.140433021107,720.334849247921,2006.62171043342
"107","NCCA_Region","Southeast","NCCA_SQI_Status","Poor",-0.170901781357829,2.65501531260362,-5.37463617246327,5.03283260974761,-14.1985612750606,121.613615076186,-252.556866854102,224.159744303981,7,4.51002623957989,2.23960442129019,0.120482234234437,8.89957024492533,210.957536869843,104.020014987372,7.08205382327645,414.83301991641,11,4.33912445822206,1.42593069477345,1.54435165201592,7.13389726442819,196.758975594782,63.0056176378387,73.2702342009169,320.247716988648
"108","NCCA_Region","Southeast","NCCA_SQI_Status","Missing",-0.884750618817722,0.758824783865153,-2.37201986576981,0.602518628134369,-41.9043651828053,34.8127633848302,-110.136127619387,26.3273972537765,3,1.24837097651173,0.692206307659729,0,2.60507040939625,58.3928456986644,31.8620791058766,0,120.841373218749,1,0.363620357694011,0.310910727129318,0,0.972994185274636,16.4884805158591,14.0262756831253,0,43.9794756920147
"109","NCCA_Region","West","NCCA_SQI_Status","Good",-51.2547044938072,6.56042904577597,-64.1129091466586,-38.3964998409558,-1928.52762647607,220.253882199701,-2360.21730304261,-1496.83794990953,151,82.0291194483898,3.79925505006987,74.5827163821709,89.4755225146086,2581.57422534644,200.772568491712,2188.06722201908,2975.08122867379,59,30.7744149545826,5.34835398315964,20.2918337710183,41.2569961381468,653.046598870372,90.5657129673291,475.541063220215,830.552134520529
"110","NCCA_Region","West","NCCA_SQI_Status","Fair",17.4577554325247,5.10318020830337,7.45570601763249,27.4598048474169,317.436087603979,106.759664615842,108.190989955354,526.681185252604,23,5.17268189345199,1.6562839202129,1.92642506166189,8.41893872524209,162.791729837519,50.3198491133051,64.1666378679515,261.416821807087,31,22.6304373259767,4.8269215670097,13.169844898438,32.0910297535154,480.227817441498,94.1569900437629,295.683508063027,664.77212681997
"111","NCCA_Region","West","NCCA_SQI_Status","Poor",14.3565486590196,7.20049211245864,0.243843447635986,28.4692538704033,173.457965536301,191.573069869116,-202.018351814941,548.934282887544,20,12.7981986581582,3.57187969013003,5.79744310839329,19.7989542079232,402.777696614823,115.380462891631,176.636144827666,628.919248401981,33,27.1547473171779,6.25210061825749,14.9008552776726,39.4086393566831,576.235662151125,152.930016288464,276.49833807061,875.972986231639
"112","NCCA_Region","West","NCCA_SQI_Status","Missing",NA,NA,NA,NA,NA,NA,NA,NA,NA,NA,NA,NA,NA,NA,NA,NA,NA,10,19.4404004022629,6.54003420711758,6.62216889865244,32.2586319058733,412.533833124438,161.093387560032,96.7965953592222,728.271070889653
"113","EPA_Region","1","NCCA_SQI_Status","Good",-32.1318796738733,6.4616747631005,-44.7965294893617,-19.467229858385,-950.420030810698,194.031600504642,-1330.71497966246,-570.125081958935,144,74.9144169064462,2.42972776402576,70.1522379967186,79.6765958161737,2069.08192838388,79.5366379117696,1913.19298262541,2224.97087414235,41,42.7825372325728,5.98745887140883,31.0473334856967,54.517740979449,1118.66189757318,176.980748173594,771.786005195984,1465.53778995038
"114","EPA_Region","1","NCCA_SQI_Status","Fair",18.6737442859972,5.5613161819855,7.77376486266585,29.5737237093286,466.006339573684,142.327023366999,187.050499747576,744.962179399793,42,15.1312053943776,1.99967759753546,11.2119093225165,19.0505014662387,417.912932236644,55.1858822475929,309.750590576294,526.075273896995,30,33.8049496803748,5.18936674189912,23.6339777636826,43.9759215970671,883.919271810328,131.19260642683,626.786488175804,1141.05205544485
"115","EPA_Region","1","NCCA_SQI_Status","Poor",-0.512303292950279,2.59800519135261,-5.60429989964948,4.57969331374892,-22.8866501096734,69.7664399518729,-159.626359744921,113.853059525574,15,6.44932801861563,1.89496635066402,2.73526221939885,10.1633938178324,178.125768104179,52.7812817675619,74.6763567818971,281.575179426461,9,5.93702472566535,1.77728261797222,2.45361480409074,9.42043464723996,155.239117994506,45.6233760097993,65.8189441621701,244.659291826841
"116","EPA_Region","1","NCCA_SQI_Status","Missing",13.9704386808264,4.61675835816231,4.92175857350399,23.0191187881488,360.135647500411,130.076831235062,105.189743056595,615.081551944226,6,3.50504968056059,1.24161803781035,1.07152304389701,5.93857631722417,96.8069331860684,34.2795491676345,29.6202514112348,163.993614960902,12,17.475488361387,4.44666643519002,8.76018229715143,26.1907944256225,456.942580686479,125.478661664119,211.008922996519,702.876238376439
"117","EPA_Region","2","NCCA_SQI_Status","Good",-1.9801095399455,7.5842354075068,-16.8449377889323,12.8847187090413,-138.580437962201,152.230163801929,-436.946076374615,159.785200450212,102,70.0540376103234,4.10083243911978,62.0165537230151,78.0915214976317,1232.46654272023,108.371376932597,1020.06254697732,1444.87053846313,40,68.0739280703779,6.37995297966551,55.5694500071745,80.5784061335813,1093.88610475803,106.909622732919,884.347094600742,1303.42511491531
"118","EPA_Region","2","NCCA_SQI_Status","Fair",-5.98326742556994,5.01146530990744,-15.8055589427604,3.83902409162049,-122.027313702039,83.5684975328546,-285.818559108559,41.7639317044801,26,16.9827844745559,3.75647957978799,9.62021978951128,24.3453491596005,298.779547633587,64.6065105113958,172.153113864442,425.405981402731,11,10.9995170489859,3.31717435764861,4.49797477755488,17.501059320417,176.752233931547,53.006533365611,72.861337589629,280.643130273466
"119","EPA_Region","2","NCCA_SQI_Status","Poor",12.6182632448355,6.73306194597809,-0.578295674958765,25.8148221646297,190.102232735192,112.965764081038,-31.3065963496906,411.511061820074,18,8.30829163580071,1.82668147118705,4.72806174104745,11.888521530554,146.168469621196,31.0977883497135,85.2179244569085,207.119014785484,10,20.9265548806362,6.48053685825489,8.22493603797223,33.6281737233001,336.270702356388,108.601065437541,123.41652541613,549.124879296646
"120","EPA_Region","2","NCCA_SQI_Status","Missing",NA,NA,NA,NA,NA,NA,NA,NA,4,4.65488627932001,2.31507606386049,0.1174205726827,9.19235198595731,81.8938036282999,41.4393379824656,0.674193639484685,163.113413617115,NA,NA,NA,NA,NA,NA,NA,NA,NA
"121","EPA_Region","3","NCCA_SQI_Status","Good",-7.04579848290118,5.30259813988379,-17.4386998615625,3.34710289576013,-410.866838729005,372.697435210445,-1141.34038887193,319.606711413918,187,84.7912741502116,3.05251599471134,78.808452738345,90.7740955620783,4393.44829528188,225.05089909924,3952.35663835901,4834.53995220475,44,77.7454756673104,4.33586129103901,69.2473436949126,86.2436076397082,3982.58145655288,297.078223751031,3400.31883740972,4564.84407569603
"122","EPA_Region","3","NCCA_SQI_Status","Fair",3.59208306150231,3.5265851655483,-3.31989685138559,10.5040629743902,179.153680381028,186.198600769675,-185.788871099287,544.096231861342,18,8.24147925242478,2.12450685636887,4.07752232903339,12.4054361758162,427.03112242448,111.572316801762,208.353399821332,645.708845027627,14,11.8335623139271,2.81483099796542,6.31659493534793,17.3505296925062,606.184802805507,149.068900351723,314.01512690114,898.354478709875
"123","EPA_Region","3","NCCA_SQI_Status","Poor",-4.715464889178,2.96956135722705,-10.5356981992249,1.1047684208689,-245.657401381075,154.123370474824,-547.733656687653,56.4188539255036,11,6.9672465973636,2.29542016557648,2.46830574344672,11.4661874512805,361.006931347301,119.31710536847,127.149702085529,594.864160609072,1,2.2517817081856,1.88396945776756,0,5.94429399338347,115.349529966226,97.55737641516,0,306.558474166157
"124","EPA_Region","3","NCCA_SQI_Status","Missing",NA,NA,NA,NA,NA,NA,NA,NA,NA,NA,NA,NA,NA,NA,NA,NA,NA,6,8.16918031057687,3.48742948957441,1.33394411238812,15.0044165087656,418.473560562702,179.994116902341,65.6915740050221,771.255547120381
"125","EPA_Region","4","NCCA_SQI_Status","Good",-12.4118092700737,4.93214774442767,-22.0786412155824,-2.74497732456497,-1553.49544970898,600.298871563117,-2730.05961793272,-376.931281485231,341,79.2354625244741,2.49763629999213,74.3401853300097,84.1307397189386,7721.98782493791,323.901367213125,7087.15281065691,8356.82283921892,114,66.8236532544004,4.25298651371299,58.4879528607884,75.1593536480125,6168.49237522894,505.417292459825,5177.89268484393,7159.09206561394
"126","EPA_Region","4","NCCA_SQI_Status","Fair",20.4285257928197,4.12570061119445,12.3423011838837,28.5147504017557,1872.63026919469,407.456053216157,1074.03107960818,2671.22945878119,9,2.55086223606848,0.975025867389633,0.639846651989877,4.46187782014709,248.597364140211,94.8441479265039,62.7062500598741,434.488478220548,45,22.9793880288882,4.00883151194103,15.1222226453945,30.8365534123818,2121.2276333349,396.26382992469,1344.5647983066,2897.8904683632
"127","EPA_Region","4","NCCA_SQI_Status","Poor",-2.01805065853494,2.63940587783178,-7.19119111966856,3.15508980259868,-236.244064897528,249.036390783915,-724.346421673843,251.858291878787,22,9.70771175702049,2.04081978630112,5.70777847693357,13.7076450371074,946.07678944973,198.242569665081,557.528492703498,1334.62508619596,23,7.68966109848555,1.67377357721252,4.40912516887423,10.9701970280969,709.832724552202,150.728257162564,414.410769061086,1005.25468004332
"128","EPA_Region","4","NCCA_SQI_Status","Missing",-5.99866586421105,2.23881166735011,-10.3866561003853,-1.61067562803676,-597.510279464915,211.467701637045,-1011.97935856698,-183.041200362846,34,8.5059634824369,1.54116861861126,5.48532849585548,11.5265984690183,828.958957997578,148.453901758447,537.994657186575,1119.92325880858,3,2.50729761822585,1.62390793177164,0,5.69009867870719,231.448678532663,150.598897367635,0,526.617093484672
"129","EPA_Region","6","NCCA_SQI_Status","Good",-34.5248563724877,5.3515372596694,-45.0136766633639,-24.0360360816115,-2666.90801201515,361.937924097236,-3376.29330788493,-1957.52271614538,108,77.3902931955077,3.35918652085876,70.8064085972721,83.9741777937432,5374.63620322543,229.712716041256,4924.40755299369,5824.86485345717,54,42.86543682302,4.16591130002916,34.7004007121744,51.0304729338656,2707.72819121028,279.698282062593,2159.52963182987,3255.92675059069
"130","EPA_Region","6","NCCA_SQI_Status","Fair",11.2408560612591,3.26057328055096,4.85024986242566,17.6314622600926,677.045480947645,214.404913268823,256.819572832318,1097.27138906297,13,5.257352763118,1.39347388067946,2.52619414358899,7.988511382647,365.115020593067,98.0004469259181,173.037674149438,557.192367036695,23,16.4982088243771,2.94780743294181,10.7206124224517,22.2758052263026,1042.16050154071,190.697087644599,668.40107780062,1415.9199252808
"131","EPA_Region","6","NCCA_SQI_Status","Poor",24.582079877868,4.69355479035033,15.3828815293159,33.7812782264201,1479.93896579475,309.605331469817,873.123666692325,2086.75426489718,23,11.6019429755836,2.35536059443244,6.98552103989114,16.218364911276,805.737000980222,163.491944286783,485.298678415699,1126.17532354475,55,36.1840228534516,4.05977007233358,28.2270197261642,44.1410259807389,2285.67596677497,262.917944286545,1770.36626508404,2800.98566846591
"132","EPA_Region","6","NCCA_SQI_Status","Missing",-1.29807956663946,2.70379768561035,-6.59742565191848,4.00126651863957,-118.111836876173,181.600150565989,-474.041591572563,237.817917820217,5,5.75041106579076,2.13927294350489,1.55751314342019,9.94330898816134,399.357157357574,148.546426385261,108.211511610332,690.502803104817,6,4.45233149915131,1.65349121494485,1.21154826910603,7.69311472919658,281.245320481401,104.463265762459,76.5010818795458,485.989559083257
"133","EPA_Region","9","NCCA_SQI_Status","Good",-22.4802435165361,10.6187634247807,-43.2926373894576,-1.66784964361466,-123.159997895754,55.7222765238112,-232.373653019006,-13.9463427725023,32,35.2706077997365,10.245757176143,15.1892927401535,55.3519228593195,189.409155865274,53.9542881601832,83.6606942598194,295.157617470729,20,12.7903642832004,2.78973055311368,7.32259287252658,18.2581356938742,66.2491579695202,13.9250454262815,38.9565704509242,93.5417454881161
"134","EPA_Region","9","NCCA_SQI_Status","Fair",28.9159580309947,9.95595636804591,9.40264211797252,48.4292739440169,147.359092829372,55.8933840974829,37.8100730242417,256.908112634502,15,12.6704794018796,6.65035217156919,0,25.7049301426629,68.0426269245148,36.0309684238774,0,138.662027363414,17,41.5864374328743,7.40904063941743,27.0649846196225,56.107890246126,215.401719753887,42.729845545079,131.652761420573,299.150678087201
"135","EPA_Region","9","NCCA_SQI_Status","Poor",-6.77292426574714,12.845373277002,-31.9493932566443,18.40354472515,-45.0012370489821,72.8631659187942,-187.810418049385,97.8079439514208,17,52.0589127983839,10.5446738143339,31.3917318935668,72.726093703201,279.565205805143,62.0589382646378,157.931921887658,401.198489722628,21,45.2859885326368,7.33576640677835,30.9081505763524,59.6638264889212,234.563968756161,38.1802190823417,159.732114432922,309.3958230794
"136","EPA_Region","9","NCCA_SQI_Status","Missing",NA,NA,NA,NA,NA,NA,NA,NA,NA,NA,NA,NA,NA,NA,NA,NA,NA,1,0.33720975128853,0.303441425613382,0,0.931944016908249,1.74661656129051,1.55312542563636,0,4.79068645901122
"137","EPA_Region","10","NCCA_SQI_Status","Good",-55.0678850924628,8.38819971787623,-71.5084544346292,-38.6273157502963,-1805.36762858031,213.088715147104,-2223.01383578055,-1387.72142138007,119,91.6493863383954,3.91021317486142,83.985509343793,99.3132633329978,2392.16506948116,193.387070529255,2013.13337616812,2771.19676279421,39,36.5815012459326,7.42105972446786,22.0364914588549,51.1265110330104,586.797440900852,89.4887784873424,411.402658045178,762.192223756526
"138","EPA_Region","10","NCCA_SQI_Status","Fair",12.8794489369449,5.77188601354019,1.56676022753562,24.1921376463541,170.076994774607,90.9590875230084,-8.19954083711613,348.35353038633,8,3.63005766151988,1.41032223842046,0.865876867619874,6.39423845541989,94.7491029130045,35.1262939864619,25.9028317891734,163.595374036836,14,16.5095065984647,5.59693302953658,5.53971943669038,27.4792937602391,264.826097687611,83.9029145727069,100.379406927165,429.272788448058
"139","EPA_Region","10","NCCA_SQI_Status","Poor",16.5795769017213,8.92216676715125,-0.907548625955354,34.0667024293979,218.459202585283,177.17561951738,-128.798630607353,565.71703577792,3,4.72055600008472,3.66825191810535,0,11.9101976457912,123.21249080968,97.2694165632392,0,313.857044070853,12,21.300132901806,8.13320279386753,5.35934834686507,37.2409174567469,341.671693394964,148.08734163599,51.4258372221446,631.917549567783
"140","EPA_Region","10","NCCA_SQI_Status","Missing",NA,NA,NA,NA,NA,NA,NA,NA,NA,NA,NA,NA,NA,NA,NA,NA,NA,9,25.6088592537967,8.27258589011697,9.39488885015316,41.8228296574401,410.787216563147,161.085900428867,95.0646533053625,726.509779820932
