"","Type","Subpopulation","Indicator","Category","NResp","Estimate.P","StdError.P","LCB95Pct.P","UCB95Pct.P","Estimate.U","StdError.U","LCB95Pct.U","UCB95Pct.U"
"1","National","National","Fish_Tissue_Status","Good",20,0.772515529586959,0.323398459619153,0.138666196077689,1.40636486309623,273.499316950423,114.457831714411,49.1660890416316,497.832544859215
"2","National","National","Fish_Tissue_Status","Fair",268,21.5961915747526,1.57278772858343,18.5135842714025,24.6787988781026,7645.85748532896,547.376426438885,6573.0194035225,8718.69556713541
"3","National","National","Fish_Tissue_Status","Poor",550,53.5335402130779,1.81809713395237,49.9701353101358,57.0969451160201,18952.8703585327,816.478558078399,17352.6017905498,20553.1389265155
"4","National","National","Fish_Tissue_Status","Missing",266,24.0977526825825,1.32429546587324,21.5021812645813,26.6933241005838,8531.50344077926,493.708483741973,7563.85259378312,9499.15428777541
"5","National","National","Fish_Tissue_Status","Total",1104,100,0,100,100,35403.7306015913,721.947852978196,33988.738811038,36818.7223921446
"6","NCCA_Region","Northeast","Fish_Tissue_Status","Good",2,0.23893534571381,0.163696788123285,0,0.559775154820334,25.5972809606791,17.5048416852463,0,59.9061402188372
"7","NCCA_Region","Northeast","Fish_Tissue_Status","Fair",57,22.6300184354649,3.08318340319515,16.5870900074708,28.6729468634591,2424.36688597664,337.657784745406,1762.56978877607,3086.16398317722
"8","NCCA_Region","Northeast","Fish_Tissue_Status","Poor",79,38.1449133127789,3.30305746349523,31.6710396454621,44.6187869800958,4086.4864943735,393.406647837701,3315.42363333298,4857.54935541403
"9","NCCA_Region","Northeast","Fish_Tissue_Status","Missing",100,38.9861329060423,3.04474864049213,33.0185352287004,44.9537305833842,4176.60683305367,354.855549575643,3481.10273617124,4872.1109299361
"10","NCCA_Region","Northeast","Fish_Tissue_Status","Total",238,100,0,100,100,10713.0574943645,385.740858939311,9957.0193034779,11469.0956852511
"11","NCCA_Region","Southeast","Fish_Tissue_Status","Good",2,3.95952117525512,2.47934308665048,0,8.81894433040842,179.552515151874,111.849646400576,0,398.773793780543
"12","NCCA_Region","Southeast","Fish_Tissue_Status","Fair",29,31.1205158410049,6.10541890817975,19.1541146704427,43.086917011567,1411.22288396806,225.84861756398,968.567727584502,1853.87804035162
"13","NCCA_Region","Southeast","Fish_Tissue_Status","Poor",48,57.2312382510024,6.75966045584801,43.9825472098207,70.4799292921841,2595.26652804464,492.248088777872,1630.47800258133,3560.05505350794
"14","NCCA_Region","Southeast","Fish_Tissue_Status","Missing",8,7.68872473273763,2.37064854949986,3.04233895571578,12.3351105097595,348.660810984174,104.565537155891,143.716124134543,553.605497833804
"15","NCCA_Region","Southeast","Fish_Tissue_Status","Total",87,100,0,100,100,4534.70273814875,406.705544497185,3737.57451862151,5331.83095767599
"16","NCCA_Region","Great Lakes","Fish_Tissue_Status","Good",3,0.206321900752706,0.145381848457852,0,0.491265087735957,13.7822354006045,9.69347483729605,0,32.78109696675
"17","NCCA_Region","Great Lakes","Fish_Tissue_Status","Fair",74,10.9067151345729,1.67566206219032,7.62247784241972,14.190952426726,728.564999079708,109.971412900301,513.024990466135,944.105007693281
"18","NCCA_Region","Great Lakes","Fish_Tissue_Status","Poor",205,46.7912078403794,2.74019572869702,41.4205229015427,52.161892779216,3125.63735978601,211.726950127015,2710.66016298055,3540.61455659147
"19","NCCA_Region","Great Lakes","Fish_Tissue_Status","Missing",123,42.0957551242951,2.82906739671454,36.5508849168981,47.6406253316921,2811.98265609536,231.404087825002,2358.43897808301,3265.52633410771
"20","NCCA_Region","Great Lakes","Fish_Tissue_Status","Total",405,100,0,100,100,6679.96725036168,249.80661625539,6190.3552794013,7169.57922132206
"21","NCCA_Region","Gulf","Fish_Tissue_Status","Fair",39,20.0940930707612,2.93005113469448,14.3512983738993,25.8368877676231,2270.28618598403,336.327150935239,1611.09708312799,2929.47528884006
"22","NCCA_Region","Gulf","Fish_Tissue_Status","Poor",189,74.1315269970579,3.20180274951152,67.856108922414,80.4069450717018,8375.5848594239,446.346470535718,7500.76185254733,9250.40786630048
"23","NCCA_Region","Gulf","Fish_Tissue_Status","Missing",12,5.77437993218083,1.4796659958161,2.87428787123269,8.67447199312897,652.40540822064,167.191185634183,324.716705845091,980.094110596189
"24","NCCA_Region","Gulf","Fish_Tissue_Status","Total",240,100,0,100,100,11298.2764536286,331.42823698132,10648.6890456856,11947.8638615716
"25","NCCA_Region","West","Fish_Tissue_Status","Good",13,2.50569946688261,0.631959391995782,1.26708181887905,3.74431711488617,54.5672854372661,12.9851661275759,29.1168274939479,80.0177433805844
"26","NCCA_Region","West","Fish_Tissue_Status","Fair",69,37.2597968022673,5.83453395825722,25.8243203775072,48.6952732270274,811.416530320516,99.637410723468,616.130793789693,1006.70226685134
"27","NCCA_Region","West","Fish_Tissue_Status","Poor",29,35.3531565392102,6.13284277125218,23.3330055847091,47.3733074937112,769.89511690462,160.248359555607,455.814103594005,1083.97613021524
"28","NCCA_Region","West","Fish_Tissue_Status","Missing",23,24.8813471916399,6.18441882741753,12.7601090245902,37.0025853586897,541.847732425424,159.260346155892,229.703189794493,853.992275056354
"29","NCCA_Region","West","Fish_Tissue_Status","Total",134,100,0,100,100,2177.72666508783,183.594214092805,1817.88861769599,2537.56471247966
"30","Great_Lake","Lake Erie","Fish_Tissue_Status","Fair",12,20.0459959496649,4.80459869666938,10.6291555440249,29.462836355305,206.784164282406,49.3326550586101,110.093937105793,303.47439145902
"31","Great_Lake","Lake Erie","Fish_Tissue_Status","Poor",39,66.151529686615,5.85989811644753,54.6663404253038,77.6367189479263,682.385091596216,75.7361446725274,533.944975710147,830.825207482285
"32","Great_Lake","Lake Erie","Fish_Tissue_Status","Missing",6,13.80247436372,4.45192945066044,5.0768529787124,22.5280957487277,142.379212960925,46.5884578034386,51.0675135709216,233.690912350929
"33","Great_Lake","Lake Erie","Fish_Tissue_Status","Total",57,100,0,100,100,1031.54846883955,58.9901546023987,915.929890376397,1147.1670473027
"34","Great_Lake","Lake Huron","Fish_Tissue_Status","Fair",4,2.4180619828055,1.83035356628438,0,6.00548905169732,30.3284618133098,22.8824249909624,0,75.1771906745354
"35","Great_Lake","Lake Huron","Fish_Tissue_Status","Poor",33,43.0656768139936,5.65747950040024,31.9772207499355,54.1541328780517,540.14981584639,83.6437843493053,376.211010991116,704.088620701663
"36","Great_Lake","Lake Huron","Fish_Tissue_Status","Missing",30,54.5162612032009,5.57874613109415,43.5821197073642,65.4504026990376,683.768388843114,80.0691974700669,526.835645530757,840.701132155471
"37","Great_Lake","Lake Huron","Fish_Tissue_Status","Total",67,100,0,100,100,1254.24666650281,84.8018439752061,1088.03810648882,1420.4552265168
"38","Great_Lake","Lake Michigan","Fish_Tissue_Status","Good",2,0.0694024499631043,0.0525759262105443,0,0.172449371789606,1.8625762243571,1.39049177963736,0,4.58789003324533
"39","Great_Lake","Lake Michigan","Fish_Tissue_Status","Fair",28,11.9171998335777,3.41848540179035,5.21709156439267,18.6173081027627,319.825785440347,89.2823527153256,144.835589663307,494.815981217387
"40","Great_Lake","Lake Michigan","Fish_Tissue_Status","Poor",46,39.4319247075475,5.15121290888781,29.3357329294296,49.5281164856654,1058.24744630719,162.397165607446,739.954850525205,1376.54004208917
"41","Great_Lake","Lake Michigan","Fish_Tissue_Status","Missing",50,48.5814730089117,5.61740440600811,37.5715626865392,59.5913833312842,1303.7968633492,195.504414747384,920.615251625747,1686.97847507266
"42","Great_Lake","Lake Michigan","Fish_Tissue_Status","Total",126,100,0,100,100,2683.73267132109,215.610722305409,2261.14342092182,3106.32192172036
"43","Great_Lake","Lake Ontario","Fish_Tissue_Status","Fair",8,11.4826668894113,3.72729811061058,4.17729683297041,18.7880369458523,60.8367162979325,19.9706885717581,21.694885950821,99.978546645044
"44","Great_Lake","Lake Ontario","Fish_Tissue_Status","Poor",45,74.9076925377481,5.32264283070529,64.4755042869954,85.3398807885007,396.871047757561,35.2053841211217,327.869762818265,465.872332696858
"45","Great_Lake","Lake Ontario","Fish_Tissue_Status","Missing",9,13.6096405728406,4.18210647687843,5.41286249864718,21.806418647034,72.1057094506711,22.0924755035808,28.8052531343194,115.406165767023
"46","Great_Lake","Lake Ontario","Fish_Tissue_Status","Total",62,100,0,100,100,529.813473506165,25.4752258411082,479.882948359569,579.743998652761
"47","Great_Lake","Lake Superior","Fish_Tissue_Status","Good",1,1.00960502963596,0.814365897815393,0,2.60573285959176,11.9196591762474,9.59322610137239,0,30.7220368304869
"48","Great_Lake","Lake Superior","Fish_Tissue_Status","Fair",22,9.38399408812671,2.3775368841398,4.72410742329713,14.0438807529563,110.789871245712,27.6808086099169,56.5364833073284,165.043259184095
"49","Great_Lake","Lake Superior","Fish_Tissue_Status","Poor",42,37.9446132466303,5.73945407021071,26.6954899780955,49.1937365151651,447.983958278655,71.9669418137699,306.931344246176,589.036572311134
"50","Great_Lake","Lake Superior","Fish_Tissue_Status","Missing",28,51.661787635607,5.65598382676457,40.5762630380074,62.7473122332066,609.932481491448,79.9932038659574,453.148682906202,766.716280076695
"51","Great_Lake","Lake Superior","Fish_Tissue_Status","Total",93,100,0,100,100,1180.62597019206,70.9350411253318,1041.59584434454,1319.65609603958
"52","Great_Lake_NPS","APIS","Fish_Tissue_Status","Fair",1,2.38695673414832,2.25392944328731,0,6.80457726668586,2.44756719533582,2.10902964863792,0,6.58118934899331
"53","Great_Lake_NPS","APIS","Fish_Tissue_Status","Poor",2,31.7259321218908,15.9854694329594,0.394987757324522,63.0568764864571,32.5315283650072,15.8121455036998,1.54029265944861,63.5227640705658
"54","Great_Lake_NPS","APIS","Fish_Tissue_Status","Missing",5,65.8871111439609,16.5301147142945,33.488681643628,98.2855406442937,67.5601402925904,21.7440055469509,24.9426725409274,110.177608044253
"55","Great_Lake_NPS","APIS","Fish_Tissue_Status","Total",8,100,0,100,100,102.539235852933,13.6133133935914,75.8576318912375,129.220839814629
"56","Great_Lake_NPS","INDU","Fish_Tissue_Status","Good",1,0.36682354147322,0.422010190557811,0,1.19394831607541,0.330172860466782,0.285933077113475,0,0.890591393597907
"57","Great_Lake_NPS","INDU","Fish_Tissue_Status","Fair",1,33.2110588195089,26.8400103720853,0,85.8165124934777,29.8928205249017,25.6492674642571,0,80.1644609846805
"58","Great_Lake_NPS","INDU","Fish_Tissue_Status","Poor",1,33.2110588195089,25.0006794032092,0,82.2114900388313,29.8928205249017,24.1172828856367,0,77.1618263857139
"59","Great_Lake_NPS","INDU","Fish_Tissue_Status","Missing",1,33.2110588195089,25.8521090934897,0,83.8802615671492,29.8928205249017,24.804492574305,0,78.5087326253308
"60","Great_Lake_NPS","INDU","Fish_Tissue_Status","Total",4,100,0,100,100,90.0086344351719,25.6015555075091,39.8305076922511,140.186761178093
"61","Great_Lake_NPS","PIRO","Fish_Tissue_Status","Fair",1,6.59916595465231,7.34489864477712,0,20.9949027685125,4.21173090925473,3.63663032025476,0,11.3393953620404
"62","Great_Lake_NPS","PIRO","Fish_Tissue_Status","Poor",1,6.59916595465231,7.31151760231007,0,20.9294771275107,4.21173090925473,3.62081313905731,0,11.3083942565565
"63","Great_Lake_NPS","PIRO","Fish_Tissue_Status","Missing",2,86.8016680906954,11.3120236498462,64.6305091447314,100,55.398708107154,27.3503462613575,1.79301447019364,109.004401744114
"64","Great_Lake_NPS","PIRO","Fish_Tissue_Status","Total",4,100,0,100,100,63.8221699256635,23.1916825428834,18.3673074007257,109.277032450601
"65","Great_Lake_NPS","SLBE","Fish_Tissue_Status","Poor",2,47.7874080922186,29.6660063124653,0,100,60.097823389086,51.0898478958224,0,160.232085240527
"66","Great_Lake_NPS","SLBE","Fish_Tissue_Status","Missing",10,52.2125919077814,29.6660063124653,0,100,65.6629696489275,54.1638622043974,0,171.822188833137
"67","Great_Lake_NPS","SLBE","Fish_Tissue_Status","Total",12,100,0,100,100,125.760793038013,74.1776500805907,0,271.146315653786
"68","NEP","Albemarle/Pamlico So","Fish_Tissue_Status","Good",2,5.45902529371952,3.43624904974887,0,12.1939496731373,179.552515151874,111.816373709464,0,398.708580504293
"69","NEP","Albemarle/Pamlico So","Fish_Tissue_Status","Fair",12,27.3793245546618,7.77065816047311,12.1491144239622,42.6095346853614,900.531930600275,207.891678766462,493.071727532439,1307.99213366811
"70","NEP","Albemarle/Pamlico So","Fish_Tissue_Status","Poor",15,57.6182719963007,8.95624446207343,40.0643554139005,75.1721885787009,1895.11956787282,484.089918880821,946.320761587497,2843.91837415815
"71","NEP","Albemarle/Pamlico So","Fish_Tissue_Status","Missing",5,9.54337815531797,3.29832213376033,3.07878556373642,16.0079707468995,313.890751303932,103.619286691261,110.800681285329,516.980821322535
"72","NEP","Albemarle/Pamlico So","Fish_Tissue_Status","Total",34,100,0,100,100,3289.0947649289,399.49774131567,2506.09358004509,4072.09594981272
"73","NEP","Barataria-Terrabonne","Fish_Tissue_Status","Fair",4,23.8966848291849,8.60508183707203,7.03103434450392,40.7623353138658,211.440058489167,80.8173744303271,53.0409152806376,369.839201697696
"74","NEP","Barataria-Terrabonne","Fish_Tissue_Status","Poor",12,58.573025879213,11.626525863696,35.7854539210455,81.3605978373806,518.259503622149,108.674947983862,305.260519552016,731.258487692282
"75","NEP","Barataria-Terrabonne","Fish_Tissue_Status","Missing",3,17.5302892916021,9.23008256715268,0,35.6209186975523,155.109607028901,81.7969804292644,0,315.428742714387
"76","NEP","Barataria-Terrabonne","Fish_Tissue_Status","Total",19,100,0,100,100,884.809169140217,72.7216190031228,742.277414996653,1027.34092328378
"77","NEP","Barnegat Bay","Fish_Tissue_Status","Fair",3,100,0,100,100,35.3939389811635,13.0435944847787,9.82896356205185,60.9589144002751
"78","NEP","Barnegat Bay","Fish_Tissue_Status","Total",3,100,0,100,100,35.3939389811635,13.0435944847787,9.82896356205185,60.9589144002751
"79","NEP","Buzzards Bay","Fish_Tissue_Status","Fair",2,11.976803400987,9.26928727685984,0,30.1442726259876,26.71414728361,20.8731889080378,0,67.624845785865
"80","NEP","Buzzards Bay","Fish_Tissue_Status","Poor",8,66.8291935701991,12.7385832372177,41.8620292111867,91.7963579292115,149.061887392429,34.0112242201257,82.4011128508662,215.722661933992
"81","NEP","Buzzards Bay","Fish_Tissue_Status","Missing",2,21.194003028814,10.7650930159481,0.0948084273320993,42.2931976302958,47.2730243191898,24.6983746566562,0,95.6809491229127
"82","NEP","Buzzards Bay","Fish_Tissue_Status","Total",12,100,0,100,100,223.049058995229,27.3771402311331,169.390850142505,276.707267847952
"83","NEP","Casco Bay","Fish_Tissue_Status","Missing",11,100,0,100,100,218.585909405066,6.9493161533032,204.965500027409,232.206318782722
"84","NEP","Casco Bay","Fish_Tissue_Status","Total",11,100,0,100,100,218.585909405066,6.9493161533032,204.965500027409,232.206318782722
"85","NEP","Charlotte Harbor","Fish_Tissue_Status","Fair",2,21.8386479519761,12.6519505918267,0,46.6360154461366,71.5617567798308,37.5783103922567,0,145.213891748521
"86","NEP","Charlotte Harbor","Fish_Tissue_Status","Poor",5,59.2432314538367,14.7967594275844,30.2421158878678,88.2443470198056,194.130594965109,57.4235628206152,81.5824799727305,306.678709957488
"87","NEP","Charlotte Harbor","Fish_Tissue_Status","Missing",1,18.9181205941872,15.6212311591191,0,49.5351710602355,61.9916556954356,54.6497520562079,0,169.103201489647
"88","NEP","Charlotte Harbor","Fish_Tissue_Status","Total",8,100,0,100,100,327.684007440376,46.1513739487587,237.228976663769,418.139038216983
"89","NEP","Chesapeake Bay","Fish_Tissue_Status","Good",1,0.46200308957765,0.401575411206116,0,1.2490764326185,19.0515509347452,16.3396790927128,0,51.0767334754043
"90","NEP","Chesapeake Bay","Fish_Tissue_Status","Fair",18,40.3544799566956,6.9130092930737,26.8052307174805,53.9037291959108,1664.09153463231,302.128414715378,1071.93072308399,2256.25234618063
"91","NEP","Chesapeake Bay","Fish_Tissue_Status","Poor",18,36.443859206351,5.97889926684536,24.7254319761411,48.1622864365608,1502.82986324442,256.624159148088,999.855753751292,2005.80397273754
"92","NEP","Chesapeake Bay","Fish_Tissue_Status","Missing",10,22.7396577473757,5.61517155297281,11.7341237365352,33.7451917582163,937.711798007335,248.664173728386,450.338973254289,1425.08462276038
"93","NEP","Chesapeake Bay","Fish_Tissue_Status","Total",47,100,0,100,100,4123.68474681881,270.738588541696,3593.04686405188,4654.32262958574
"94","NEP","Coastal Bend Bays","Fish_Tissue_Status","Fair",3,27.5593486823844,10.8795442144143,6.23583385392122,48.8828635108476,205.506072691513,87.1155567139632,34.7627190389886,376.249426344037
"95","NEP","Coastal Bend Bays","Fish_Tissue_Status","Poor",17,72.4406513176156,10.8795442144143,51.1171364891524,93.7641661460788,540.179447891453,76.6064618208034,390.033541739636,690.325354043271
"96","NEP","Coastal Bend Bays","Fish_Tissue_Status","Total",20,100,0,100,100,745.685520582966,51.6855441507415,644.383715526158,846.987325639774
"97","NEP","Delaware Estuary","Fish_Tissue_Status","Fair",6,3.38074456475005,1.9079415298031,0,7.12024124777237,25.262250870973,11.4759677488805,2.76976739542411,47.7547343465219
"98","NEP","Delaware Estuary","Fish_Tissue_Status","Poor",11,83.1834178509874,9.68097753015799,64.2090505567362,100,621.579160983427,194.299991752051,240.758174952978,1002.40014701388
"99","NEP","Delaware Estuary","Fish_Tissue_Status","Missing",4,13.4358375842626,9.2444357340191,0,31.5545986803351,100.397854145595,68.3079738149275,0,234.279022679758
"100","NEP","Delaware Estuary","Fish_Tissue_Status","Total",21,100,0,100,100,747.239265999995,190.235259695291,374.3850084076,1120.09352359239
"101","NEP","Delaware Inland Bays","Fish_Tissue_Status","Good",1,19.630134392523,31.5534252596757,0,81.4737114903638,6.54573002593386,6.54573002593386,0,19.3751251292867
"102","NEP","Delaware Inland Bays","Fish_Tissue_Status","Poor",1,80.369865607477,31.5534252596757,18.5262885096362,100,26.7995843516747,26.7995843516747,0,79.3258044816003
"103","NEP","Delaware Inland Bays","Fish_Tissue_Status","Total",2,100,0,100,100,33.3453143776086,20.2538543257408,0,73.0421394041814
"104","NEP","Galveston Bay","Fish_Tissue_Status","Fair",1,5.64273233871234,5.10637971181323,0,15.6510526652523,32.1890155872044,27.4133597071702,0,85.9182133084994
"105","NEP","Galveston Bay","Fish_Tissue_Status","Poor",9,94.3572676612877,5.10637971181323,84.3489473347477,100,538.261852095629,78.6710213780542,384.069483567662,692.454220623596
"106","NEP","Galveston Bay","Fish_Tissue_Status","Total",10,100,0,100,100,570.450867682834,62.7729911844797,447.418065759403,693.483669606264
"107","NEP","Indian River","Fish_Tissue_Status","Fair",7,75.2363245842888,14.0166595745843,47.764176634545,100,259.969638771199,52.4420518969158,157.185105777864,362.754171764534
"108","NEP","Indian River","Fish_Tissue_Status","Poor",2,24.7636754157112,14.0166595745843,0,52.235823365455,85.5677598293264,50.7812197698462,0,185.097121669238
"109","NEP","Indian River","Fish_Tissue_Status","Total",9,100,0,100,100,345.537398600525,38.4503328437472,270.176131033203,420.898666167847
"110","NEP","Long Island Sound","Fish_Tissue_Status","Fair",1,4.96068824760367,3.9980745805248,0,12.7967704329373,63.6808203679233,51.6623862522452,0,164.937236777721
"111","NEP","Long Island Sound","Fish_Tissue_Status","Poor",20,90.0786235047927,5.75702427454161,78.7950632685683,100,1156.34773968501,82.8545234141596,993.955857837027,1318.73962153299
"112","NEP","Long Island Sound","Fish_Tissue_Status","Missing",1,4.96068824760367,4.16570584531984,0,13.1253216746185,63.6808203679233,53.4488775189279,0,168.438695319115
"113","NEP","Long Island Sound","Fish_Tissue_Status","Total",22,100,0,100,100,1283.70938042086,46.9404284541392,1191.70783123186,1375.71092960985
"114","NEP","Lower Columbia River","Fish_Tissue_Status","Fair",6,62.1666232435049,14.7890307916713,33.1806555255753,91.1525909614344,35.1823201111495,9.10699205296401,17.3329436798476,53.0316965424515
"115","NEP","Lower Columbia River","Fish_Tissue_Status","Poor",2,19.4777247214958,12.5512792688556,0,44.0777800483569,11.023142490856,7.32509757904434,0,25.3800699290245
"116","NEP","Lower Columbia River","Fish_Tissue_Status","Missing",2,18.3556520349993,8.21602810269871,2.25253285774091,34.4587712122578,10.3881213430986,4.38369557340841,1.79623590003042,18.9800067861667
"117","NEP","Lower Columbia River","Fish_Tissue_Status","Total",10,100,0,100,100,56.5935839451041,4.90627095524343,46.9774695744321,66.2096983157762
"118","NEP","Maryland Inland Bays","Fish_Tissue_Status","Fair",1,33.3333333333333,33.3333333333333,0,98.6654661513351,4.57862072857052,4.57862072857052,0,13.5525524554373
"119","NEP","Maryland Inland Bays","Fish_Tissue_Status","Missing",2,66.6666666666667,33.3333333333333,1.33453384866487,100,9.15724145714104,4.57862072857052,0.183309730274278,18.1311731840078
"120","NEP","Maryland Inland Bays","Fish_Tissue_Status","Total",3,100,0,100,100,13.7358621857116,0,13.7358621857116,13.7358621857116
"121","NEP","Massachusetts Bay","Fish_Tissue_Status","Missing",13,100,0,100,100,599.466336376192,93.5583200117101,416.095398699167,782.837274053217
"122","NEP","Massachusetts Bay","Fish_Tissue_Status","Total",13,100,0,100,100,599.466336376192,93.5583200117101,416.095398699167,782.837274053217
"123","NEP","Mobile Bay","Fish_Tissue_Status","Fair",2,16.6852038601073,11.2785078738864,0,38.7906730922761,60.6129560522795,41.0830377755741,0,141.134230467903
"124","NEP","Mobile Bay","Fish_Tissue_Status","Poor",13,83.3147961398927,11.2785078738864,61.2093269077239,100,302.660735779555,64.8286975172673,175.59882348107,429.72264807804
"125","NEP","Mobile Bay","Fish_Tissue_Status","Total",15,100,0,100,100,363.273691831834,55.5358802255623,254.425366740002,472.122016923667
"126","NEP","Morro Bay","Fish_Tissue_Status","Fair",3,100,0,100,100,4.51868545530942,0,4.51868545530942,4.51868545530942
"127","NEP","Morro Bay","Fish_Tissue_Status","Total",3,100,0,100,100,4.51868545530942,0,4.51868545530942,4.51868545530942
"128","NEP","Narragansett Bay","Fish_Tissue_Status","Fair",2,8.97789659097034,6.06684289303008,0,20.8686901611721,10.6737014690365,6.44684156803487,0,23.3092787564206
"129","NEP","Narragansett Bay","Fish_Tissue_Status","Poor",7,71.2362186607232,14.606102183564,42.6087844264259,99.8636528950204,84.6917898934485,23.931637535271,37.7866422332505,131.596937553647
"130","NEP","Narragansett Bay","Fish_Tissue_Status","Missing",2,19.7858847483065,13.408861649885,0,46.0667706557613,23.5231743832506,15.9425567467709,0,54.7700114284076
"131","NEP","Narragansett Bay","Fish_Tissue_Status","Total",11,100,0,100,100,118.888665745736,16.2570569748178,87.0254195804771,150.751911910994
"132","NEP","New Hampshire Estuar","Fish_Tissue_Status","Fair",5,41.1652392811244,11.9845363557647,17.6759796524148,64.6544989098341,8.97567639679442,2.59661998302517,3.88639474852808,14.0649580450608
"133","NEP","New Hampshire Estuar","Fish_Tissue_Status","Poor",2,16.8590673950048,10.0081929439257,0,36.4747651154271,3.67595417716172,2.18365116501777,0,7.95583181539547
"134","NEP","New Hampshire Estuar","Fish_Tissue_Status","Missing",5,41.9756933238707,13.5515633947969,15.4151171358574,68.536269511884,9.15238794637358,2.96788844778809,3.33543347857644,14.9693424141707
"135","NEP","New Hampshire Estuar","Fish_Tissue_Status","Total",12,100,0,100,100,21.8040185203297,0.118602006963463,21.5715628581872,22.0364741824723
"136","NEP","NY/NJ Harbor","Fish_Tissue_Status","Fair",6,29.9238455152679,10.1048874359613,10.1186300729524,49.7290609575834,78.6887749017937,21.6402833993692,36.2745988237901,121.102950979797
"137","NEP","NY/NJ Harbor","Fish_Tissue_Status","Poor",4,24.177725385942,13.1065662399201,0,49.8661231771739,63.5785794830767,36.5591314631029,0,135.233160456824
"138","NEP","NY/NJ Harbor","Fish_Tissue_Status","Missing",3,45.8984290987901,12.1371645999045,22.1100236085428,69.6868345890375,120.696090141819,40.8299316333199,40.6708946492791,200.721285634358
"139","NEP","NY/NJ Harbor","Fish_Tissue_Status","Total",13,100,0,100,100,262.963444526689,35.1166434897963,194.136088028755,331.790801024623
"140","NEP","Peconic Bay","Fish_Tissue_Status","Fair",1,2.28931798257891,2.13822209465856,0,6.48015627905747,4.61898973280664,3.98161128449116,0,12.4228044508476
"141","NEP","Peconic Bay","Fish_Tissue_Status","Poor",4,34.8807325633315,14.1705902628191,7.10688600853215,62.6545791181308,70.3763071835519,29.1588082038079,13.2260932719773,127.526521095127
"142","NEP","Peconic Bay","Fish_Tissue_Status","Missing",6,62.8299494540896,14.2877541271261,34.8264659449589,90.8334329632203,126.767401317609,32.6344856985227,62.8049846945174,190.729817940701
"143","NEP","Peconic Bay","Fish_Tissue_Status","Total",11,100,0,100,100,201.762698233968,18.5994958791431,165.308356180246,238.217040287689
"144","NEP","Puget Sound","Fish_Tissue_Status","Fair",9,26.3930276461555,7.8907353332178,10.927470581511,41.8585847108001,351.261976913835,87.3248209100958,180.108472973637,522.415480854032
"145","NEP","Puget Sound","Fish_Tissue_Status","Poor",10,41.1053710450099,9.29909786522241,22.8794741404607,59.3312679495591,547.066978772708,149.623992365277,253.80934251367,840.324615031747
"146","NEP","Puget Sound","Fish_Tissue_Status","Missing",7,32.5016013088346,9.49665863428572,13.8884924121633,51.1147102055059,432.560329253074,153.652008798257,131.407925856258,733.71273264989
"147","NEP","Puget Sound","Fish_Tissue_Status","Total",26,100,0,100,100,1330.88928493962,166.725948735645,1004.11243012948,1657.66613974975
"148","NEP","San Francisco Bay","Fish_Tissue_Status","Fair",9,46.1307433344348,9.27780148398499,27.946586570112,64.3149000987577,207.769902566663,40.6611617041212,128.075490057026,287.4643150763
"149","NEP","San Francisco Bay","Fish_Tissue_Status","Poor",15,44.8155712842193,9.64974584921705,25.902416959789,63.7287256086496,201.846452195386,44.6520820323385,114.329979577274,289.362924813497
"150","NEP","San Francisco Bay","Fish_Tissue_Status","Missing",3,9.05368538134584,3.99417695597528,1.22524239975447,16.8821283629372,40.7772169616719,18.0799655805358,5.34113558209798,76.2132983412458
"151","NEP","San Francisco Bay","Fish_Tissue_Status","Total",27,100,0,100,100,450.393571723721,8.30091327176028,434.12408067228,466.663062775161
"152","NEP","Tampa Bay","Fish_Tissue_Status","Poor",8,100,0,100,100,367.858067574861,44.1146659216626,281.394911178386,454.321223971336
"153","NEP","Tampa Bay","Fish_Tissue_Status","Total",8,100,0,100,100,367.858067574861,44.1146659216626,281.394911178386,454.321223971336
"154","NEP","Tillamook Bay","Fish_Tissue_Status","Fair",3,100,0,100,100,18.9825192342121,0,18.9825192342121,18.9825192342121
"155","NEP","Tillamook Bay","Fish_Tissue_Status","Total",3,100,0,100,100,18.9825192342121,0,18.9825192342121,18.9825192342121
"156","EPA_Region","1","Fish_Tissue_Status","Fair",12,7.37368364358675,2.69744764776334,2.08678340378831,12.6605838833852,291.51777829452,106.189310115764,83.3905549244669,499.645001664573
"157","EPA_Region","1","Fish_Tissue_Status","Poor",28,25.7460341143306,4.4150962545169,17.0926044671998,34.3994637614614,1017.86664951817,179.08944681952,666.85778374071,1368.87551529563
"158","EPA_Region","1","Fish_Tissue_Status","Missing",70,66.8802822420826,4.61520541676827,57.8346458439626,75.9259186402026,2644.10466102376,232.119861967023,2189.15809147198,3099.05123057553
"159","EPA_Region","1","Fish_Tissue_Status","Total",110,100,0,100,100,3953.48908883645,188.962484376838,3583.12942502863,4323.84875264426
"160","EPA_Region","10","Fish_Tissue_Status","Good",3,1.43298936560105,0.701458934230469,0.0581551178754795,2.80782361332662,23.0933185413905,11.0327334246829,1.46955837798069,44.7170787048002
"161","EPA_Region","10","Fish_Tissue_Status","Fair",38,32.3402582987275,7.06088433771794,18.5011792977974,46.1793372996576,521.178945588411,90.2652413370883,344.262323511902,698.09556766492
"162","EPA_Region","10","Fish_Tissue_Status","Poor",14,35.2486237182955,7.77924833788245,20.0015771492528,50.4956702873382,568.048664709234,152.082339557562,269.972756491822,866.124572926647
"163","EPA_Region","10","Fish_Tissue_Status","Missing",19,30.9781286173759,7.99749804378578,15.3033204851263,46.6529367496256,499.227565221439,158.222271121309,189.117612271541,809.337518171336
"164","EPA_Region","10","Fish_Tissue_Status","Total",74,100,0,100,100,1611.54849406047,181.530916982132,1255.75443469497,1967.34255342598
"165","EPA_Region","2","Fish_Tissue_Status","Fair",31,15.4271811255048,2.82864473255355,9.88313932464093,20.9712229263687,361.880271514014,67.0432017691007,230.478010638325,493.282532389704
"166","EPA_Region","2","Fish_Tissue_Status","Poor",79,60.32954879429,4.30643440102746,51.8890924664919,68.7700051220881,1415.16932486791,118.532189701301,1182.85050204469,1647.48814769113
"167","EPA_Region","2","Fish_Tissue_Status","Missing",27,24.2432700802052,4.16590003664216,16.0782560451925,32.4082841152179,568.682061073886,98.5838424548117,375.461280404885,761.902841742888
"168","EPA_Region","2","Fish_Tissue_Status","Total",137,100,0,100,100,2345.73165745581,87.5787894551081,2174.08038431418,2517.38293059744
"169","EPA_Region","3","Fish_Tissue_Status","Good",2,0.482508578571983,0.337096617414239,0,1.14320580801417,25.5972809606791,17.75642242498,0,60.3992294079192
"170","EPA_Region","3","Fish_Tissue_Status","Fair",22,34.5295226746305,5.64024644735742,23.47484277388,45.5842025753811,1831.80555246604,314.027639483954,1216.32268892736,2447.28841600472
"171","EPA_Region","3","Fish_Tissue_Status","Poor",34,43.6165083514227,5.32236573301291,33.1848632021673,54.0481535006781,2313.87392551532,297.617607082871,1730.5541344679,2897.19371656274
"172","EPA_Region","3","Fish_Tissue_Status","Missing",16,21.3714603953748,4.72478594815808,12.111050102324,30.6318706884255,1133.76487087436,264.996118900659,614.38202178617,1653.14771996254
"173","EPA_Region","3","Fish_Tissue_Status","Total",74,100,0,100,100,5305.0416298164,283.325458582226,4749.73393509194,5860.34932454086
"174","EPA_Region","4","Fish_Tissue_Status","Good",2,1.94506729048363,1.21283999017712,0,4.3221899902407,179.552515151874,111.849646400576,0,398.773793780543
"175","EPA_Region","4","Fish_Tissue_Status","Fair",48,26.4245084216966,3.83105909981221,18.9157705634202,33.9332462799729,2439.29193194533,326.541472020131,1799.28240732717,3079.30145656348
"176","EPA_Region","4","Fish_Tissue_Status","Poor",122,64.7222293947852,4.16181876835048,56.5652144986355,72.879244290935,5974.62058558431,591.621560732244,4815.06363407173,7134.17753709688
"177","EPA_Region","4","Fish_Tissue_Status","Missing",13,6.90819489303456,1.64977361021262,3.6746980343732,10.1416917516959,637.707381267651,150.160808037838,343.397605624056,932.017156911245
"178","EPA_Region","4","Fish_Tissue_Status","Total",185,100,0,100,100,9231.17241394916,482.042912607905,8286.38566623488,10175.9591616634
"179","EPA_Region","5","Fish_Tissue_Status","Good",3,0.238086045392394,0.167839292487659,0,0.56704501385889,13.7822354006045,9.69347483729606,0,32.78109696675
"180","EPA_Region","5","Fish_Tissue_Status","Fair",66,11.5349057408491,1.90171876036557,7.80760546180845,15.2622060198898,667.728282781775,107.950559020127,456.14907499136,879.30749057219
"181","EPA_Region","5","Fish_Tissue_Status","Poor",143,42.5862005948407,3.03782406363987,36.6321748387375,48.540226350944,2465.21395425811,201.851643269288,2069.59200323008,2860.83590528614
"182","EPA_Region","5","Fish_Tissue_Status","Missing",110,45.6408076189178,3.13692219378677,39.4925530967913,51.7890621410442,2642.03789617703,227.04131285206,2197.0450999843,3087.03069236976
"183","EPA_Region","5","Fish_Tissue_Status","Total",322,100,0,100,100,5788.76236861752,243.997641557224,5310.53577885264,6266.98895838239
"184","EPA_Region","6","Fish_Tissue_Status","Fair",20,18.8163207408416,3.56891096198482,11.8213837913211,25.811257690362,1242.21713800676,239.265847846928,773.264693496345,1711.16958251718
"185","EPA_Region","6","Fish_Tissue_Status","Poor",115,75.6797490448195,3.93068549740125,67.9757470353591,83.3837510542798,4996.23080188423,307.193569165467,4394.1424700376,5598.31913373086
"186","EPA_Region","6","Fish_Tissue_Status","Missing",7,5.50393021433898,1.91164019179381,1.75718428702387,9.25067614165409,363.358837937163,125.634859744282,117.119037635629,609.598638238697
"187","EPA_Region","6","Fish_Tissue_Status","Total",142,100,0,100,100,6601.80677782816,205.759587413254,6198.52539702436,7005.08815863196
"188","EPA_Region","9","Fish_Tissue_Status","Good",10,5.5590216130666,1.26261669130689,3.08433837182598,8.03370485430723,31.4739668958757,6.84787065741093,18.0523870365616,44.8955467551897
"189","EPA_Region","9","Fish_Tissue_Status","Fair",31,51.262588277725,7.79334053130683,35.9879215171074,66.5372550383426,290.237584732105,42.1876738163443,207.551263460547,372.923906003663
"190","EPA_Region","9","Fish_Tissue_Status","Poor",15,35.6506948738641,8.14707422147599,19.6827228203965,51.6186669273318,201.846452195386,50.502462662346,102.863444246609,300.829460144162
"191","EPA_Region","9","Fish_Tissue_Status","Missing",4,7.52769523534428,3.21768815336775,1.2211423412623,13.8342481294263,42.6201672039853,18.1540843588835,7.03881568827182,78.2015187196988
"192","EPA_Region","9","Fish_Tissue_Status","Total",60,100,0,100,100,566.178171027351,27.4474339052118,512.382189105093,619.97415294961
